release	species	gene_id_stem	symbol	motif_id	motif_name	role	partners	motif_tax_ids	is_cross_species	total_information_content	rank
2024	Homo sapiens	ENSG00000001167	NFYA	MA0060.4	NFYA	monomer		9606	no	11.5542	1
2024	Homo sapiens	ENSG00000004848	ARX	MA0874.2	Arx	monomer		10090	yes	12.8300	1
2024	Homo sapiens	ENSG00000005073	HOXA11	MA0911.2	Hoxa11	monomer		10090	yes	11.0980	1
2024	Homo sapiens	ENSG00000005102	MEOX1	MA0661.2	MEOX1	monomer		9606	no	9.3754	1
2024	Homo sapiens	ENSG00000005513	SOX8	MA0868.3	SOX8	monomer		9606	no	9.5848	1
2024	Homo sapiens	ENSG00000005889	ZFX	MA0146.3	Zfx	monomer		10090	yes	12.3986	1
2024	Homo sapiens	ENSG00000006194	ZNF263	MA0528.3	ZNF263	monomer		9606	no	11.0370	1
2024	Homo sapiens	ENSG00000006377	DLX6	MA0882.2	DLX6	monomer		9606	no	8.2427	1
2024	Homo sapiens	ENSG00000006468	ETV1	MA0761.3	ETV1	monomer		9606	no	11.6079	1
2024	Homo sapiens	ENSG00000006468	ETV1	MA1966.2	TFAP4::ETV1	complex	TFAP4	9606	no	14.4880	2
2024	Homo sapiens	ENSG00000007372	PAX6	MA0069.1	PAX6	monomer		9606	no	13.7977	1
2024	Homo sapiens	ENSG00000007866	TEAD3	MA0808.1	TEAD3	monomer		9606	no	11.5059	1
2024	Homo sapiens	ENSG00000007968	E2F2	MA0864.3	E2F2	monomer		9606	no	12.6984	1
2024	Homo sapiens	ENSG00000008196	TFAP2B	MA0813.1	TFAP2B	monomer		9606	no	14.3554	1
2024	Homo sapiens	ENSG00000008196	TFAP2B	MA0812.2	TFAP2B	monomer		9606	no	12.1714	2
2024	Homo sapiens	ENSG00000008196	TFAP2B	MA0811.2	TFAP2B	monomer		9606	no	10.5925	3
2024	Homo sapiens	ENSG00000008441	NFIX	MA1528.2	NFIX	monomer		9606	no	15.6470	1
2024	Homo sapiens	ENSG00000008441	NFIX	MA0671.2	NFIX	monomer		9606	no	7.7535	2
2024	Homo sapiens	ENSG00000009709	PAX7	MA0680.3	Pax7	monomer		10090	yes	12.9076	1
2024	Homo sapiens	ENSG00000009950	MLXIPL	MA0664.2	MLXIPL	monomer		9606	no	12.1115	1
2024	Homo sapiens	ENSG00000010030	ETV7	MA1708.2	ETV7	monomer		9606	no	10.9383	1
2024	Homo sapiens	ENSG00000011590	ZBTB32	MA1580.1	ZBTB32	monomer		9606	no	14.7054	1
2024	Homo sapiens	ENSG00000012504	NR1H4	MA1110.3	Nr1H4	monomer		10090	yes	10.6417	1
2024	Homo sapiens	ENSG00000012504	NR1H4	MA1146.2	NR1H4::RXRA	complex	RXRA	9606	no	12.5498	2
2024	Homo sapiens	ENSG00000016082	ISL1	MA1608.2	Isl1	monomer		10090	yes	9.9814	1
2024	Homo sapiens	ENSG00000018869	ZNF582	MA1983.2	ZNF582	monomer		9606	no	22.5026	1
2024	Homo sapiens	ENSG00000019549	SNAI2	MA0745.3	SNAI2	monomer		9606	no	12.6005	1
2024	Homo sapiens	ENSG00000020633	RUNX3	MA0684.3	RUNX3	monomer		9606	no	10.1697	1
2024	Homo sapiens	ENSG00000025156	HSF2	MA0770.1	HSF2	monomer		9606	no	17.2177	1
2024	Homo sapiens	ENSG00000025434	NR1H3	MA2337.1	Nr1h3	monomer		10090	yes	10.6170	1
2024	Homo sapiens	ENSG00000025434	NR1H3	MA0494.2	Nr1h3::Rxra	complex	RXRA	10090	yes	13.3131	2
2024	Homo sapiens	ENSG00000028277	POU2F2	MA0507.3	POU2F2	monomer		9606	no	17.9557	1
2024	Homo sapiens	ENSG00000030419	IKZF2	MA2326.1	IKZF2	monomer		9606	no	11.2322	1
2024	Homo sapiens	ENSG00000037965	HOXC8	MA1505.2	HOXC8	monomer		9606	no	7.7447	1
2024	Homo sapiens	ENSG00000043039	BARX2	MA1471.2	BARX2	monomer		9606	no	10.0241	1
2024	Homo sapiens	ENSG00000043355	ZIC2	MA1629.2	Zic2	monomer		10090	yes	12.7516	1
2024	Homo sapiens	ENSG00000043355	ZIC2	MA1628.2	Zic1::Zic2	complex	ZIC1	10090	yes	11.5256	2
2024	Homo sapiens	ENSG00000049768	FOXP3	MA0850.1	FOXP3	monomer		9606	no	8.5941	1
2024	Homo sapiens	ENSG00000052850	ALX4	MA0853.2	Alx4	monomer		10090	yes	13.1235	1
2024	Homo sapiens	ENSG00000053254	FOXN3	MA1489.1	FOXN3	monomer		9606	no	14.2218	1
2024	Homo sapiens	ENSG00000054598	FOXC1	MA0032.2	FOXC1	monomer		9606	no	11.8752	1
2024	Homo sapiens	ENSG00000057657	PRDM1	MA0508.4	PRDM1	monomer		9606	no	11.1574	1
2024	Homo sapiens	ENSG00000063515	GSC2	MA0891.2	GSC2	monomer		9606	no	7.4273	1
2024	Homo sapiens	ENSG00000064195	DLX3	MA0880.2	Dlx3	monomer		10090	yes	6.9719	1
2024	Homo sapiens	ENSG00000064218	DMRT3	MA0610.2	DMRT3	monomer		9606	no	10.5089	1
2024	Homo sapiens	ENSG00000064835	POU1F1	MA0784.3	POU1F1	monomer		9606	no	19.8192	1
2024	Homo sapiens	ENSG00000065029	ZNF76	MA1716.2	ZNF76	monomer		9606	no	18.7912	1
2024	Homo sapiens	ENSG00000065970	FOXJ2	MA0614.1	Foxj2	monomer		10090	yes	11.7818	1
2024	Homo sapiens	ENSG00000065970	FOXJ2	MA1952.2	FOXJ2::ELF1	complex	ELF1	9606	no	11.9374	2
2024	Homo sapiens	ENSG00000066136	NFYC	MA1644.2	NFYC	monomer		9606	no	10.0486	1
2024	Homo sapiens	ENSG00000066336	SPI1	MA0080.7	Spi1	monomer		10090	yes	14.4981	1
2024	Homo sapiens	ENSG00000066422	ZBTB11	MA2329.1	ZBTB11	monomer		9606	no	12.5158	1
2024	Homo sapiens	ENSG00000066697	MSANTD3	MA1523.2	MSANTD3	monomer		9606	no	8.3575	1
2024	Homo sapiens	ENSG00000067082	KLF6	MA1517.2	KLF6	monomer		9606	no	11.1585	1
2024	Homo sapiens	ENSG00000068305	MEF2A	MA0052.5	MEF2A	monomer		9606	no	11.8459	1
2024	Homo sapiens	ENSG00000068323	TFE3	MA0831.3	TFE3	monomer		9606	no	15.3976	1
2024	Homo sapiens	ENSG00000069011	PITX1	MA0682.3	PITX1	monomer		9606	no	10.9380	1
2024	Homo sapiens	ENSG00000069667	RORA	MA0072.2	RORA	monomer		9606	no	16.9934	1
2024	Homo sapiens	ENSG00000069667	RORA	MA0071.1	RORA	monomer		9606	no	13.1897	2
2024	Homo sapiens	ENSG00000069812	HES2	MA0616.3	HES2	monomer		9606	no	11.9959	1
2024	Homo sapiens	ENSG00000070444	MNT	MA0825.2	MNT	monomer		9606	no	10.7562	1
2024	Homo sapiens	ENSG00000071564	TCF3	MA0522.4	TCF3	monomer		9606	no	10.1120	1
2024	Homo sapiens	ENSG00000071564	TCF3	MA0091.2	TAL1::TCF3	complex	TAL1	9606	no	13.8587	2
2024	Homo sapiens	ENSG00000071564	TCF3	MA0092.2	Hand1::Tcf3	complex	HAND1	10090	yes	10.0750	3
2024	Homo sapiens	ENSG00000072310	SREBF1	MA0595.1	SREBF1	monomer		9606	no	13.5169	1
2024	Homo sapiens	ENSG00000072310	SREBF1	MA0829.3	SREBF1	monomer		9606	no	13.3017	2
2024	Homo sapiens	ENSG00000072736	NFATC3	MA0625.3	NFATC3	monomer		9606	no	8.1323	1
2024	Homo sapiens	ENSG00000073282	TP63	MA0525.2	TP63	monomer		9606	no	24.3348	1
2024	Homo sapiens	ENSG00000073861	TBX21	MA0690.3	TBX21	monomer		9606	no	13.3604	1
2024	Homo sapiens	ENSG00000074047	GLI2	MA0734.4	Gli2	monomer		10090	yes	13.1283	1
2024	Homo sapiens	ENSG00000074219	TEAD2	MA1121.2	TEAD2	monomer		9606	no	10.5196	1
2024	Homo sapiens	ENSG00000075426	FOSL2	MA0478.2	FOSL2	monomer		9606	no	13.9208	1
2024	Homo sapiens	ENSG00000075426	FOSL2	MA1139.2	FOSL2::JUNB	complex	JUNB	9606	no	13.3766	2
2024	Homo sapiens	ENSG00000075426	FOSL2	MA1131.2	FOSL2::JUN	complex	JUN	9606	no	12.9647	3
2024	Homo sapiens	ENSG00000075426	FOSL2	MA1145.2	FOSL2::JUND	complex	JUND	9606	no	12.8486	4
2024	Homo sapiens	ENSG00000075426	FOSL2	MA1138.2	FOSL2::JUNB	complex	JUNB	9606	no	12.8209	5
2024	Homo sapiens	ENSG00000075426	FOSL2	MA1144.2	FOSL2::JUND	complex	JUND	9606	no	12.7818	6
2024	Homo sapiens	ENSG00000075426	FOSL2	MA1130.2	FOSL2::JUN	complex	JUN	9606	no	12.0328	7
2024	Homo sapiens	ENSG00000075891	PAX2	MA0067.3	PAX2	monomer		9606	no	16.9932	1
2024	Homo sapiens	ENSG00000077092	RARB	MA1552.2	RARB	monomer		9606	no	15.8601	1
2024	Homo sapiens	ENSG00000077092	RARB	MA0857.1	Rarb	monomer		10090	yes	26.3909	2
2024	Homo sapiens	ENSG00000077092	RARB	MA0858.1	Rarb	monomer		10090	yes	24.7954	3
2024	Homo sapiens	ENSG00000077150	NFKB2	MA0778.2	NFKB2	monomer		9606	no	16.1894	1
2024	Homo sapiens	ENSG00000078399	HOXA9	MA0594.3	HOXA9	monomer		9606	no	7.1892	1
2024	Homo sapiens	ENSG00000078900	TP73	MA0861.2	TP73	monomer		9606	no	16.9410	1
2024	Homo sapiens	ENSG00000080298	RFX3	MA0798.3	RFX3	monomer		9606	no	23.1815	1
2024	Homo sapiens	ENSG00000081059	TCF7	MA0769.3	TCF7	monomer		9606	no	10.6168	1
2024	Homo sapiens	ENSG00000081189	MEF2C	MA0497.2	MEF2C	monomer		9606	no	13.3552	1
2024	Homo sapiens	ENSG00000082175	PGR	MA2327.1	PGR	monomer		9606	no	10.1958	1
2024	Homo sapiens	ENSG00000082175	PGR	MA2323.1	Pgr	monomer		10116	yes	14.8326	2
2024	Homo sapiens	ENSG00000082641	NFE2L1	MA0089.3	MAFG::NFE2L1	complex	MAFG	9606	no	17.1414	1
2024	Homo sapiens	ENSG00000083307	GRHL2	MA1105.3	GRHL2	monomer		9606	no	10.9798	1
2024	Homo sapiens	ENSG00000083812	ZNF324	MA1977.2	ZNF324	monomer		9606	no	15.8563	1
2024	Homo sapiens	ENSG00000083817	ZNF416	MA1979.2	ZNF416	monomer		9606	no	12.8250	1
2024	Homo sapiens	ENSG00000084093	REST	MA0138.3	REST	monomer		9606	no	22.8438	1
2024	Homo sapiens	ENSG00000085276	MECOM	MA0029.2	Mecom	monomer		10090	yes	17.2654	1
2024	Homo sapiens	ENSG00000085644	ZNF213	MA2121.1	ZNF213	monomer		9606	no	11.8043	1
2024	Homo sapiens	ENSG00000087510	TFAP2C	MA0815.1	TFAP2C	monomer		9606	no	14.4790	1
2024	Homo sapiens	ENSG00000087510	TFAP2C	MA0814.3	TFAP2C	monomer		9606	no	11.3587	2
2024	Homo sapiens	ENSG00000087510	TFAP2C	MA0524.3	TFAP2C	monomer		9606	no	10.1693	3
2024	Homo sapiens	ENSG00000087903	RFX2	MA0600.3	RFX2	monomer		9606	no	19.9139	1
2024	Homo sapiens	ENSG00000088876	ZNF343	MA1711.2	ZNF343	monomer		9606	no	19.2603	1
2024	Homo sapiens	ENSG00000088881	EBF4	MA2122.1	Ebf4	monomer		10090	yes	12.7491	1
2024	Homo sapiens	ENSG00000089116	LHX5	MA1519.2	LHX5	monomer		9606	no	10.9769	1
2024	Homo sapiens	ENSG00000089225	TBX5	MA0807.1	TBX5	monomer		9606	no	8.4768	1
2024	Homo sapiens	ENSG00000090447	TFAP4	MA0691.1	TFAP4	monomer		9606	no	14.1511	1
2024	Homo sapiens	ENSG00000090447	TFAP4	MA1570.1	TFAP4	monomer		9606	no	10.4816	2
2024	Homo sapiens	ENSG00000090447	TFAP4	MA1967.2	TFAP4::FLI1	complex	FLI1	9606	no	21.0150	3
2024	Homo sapiens	ENSG00000090447	TFAP4	MA1966.2	TFAP4::ETV1	complex	ETV1	9606	no	14.4880	4
2024	Homo sapiens	ENSG00000091010	POU4F3	MA0791.2	POU4F3	monomer		9606	no	13.1214	1
2024	Homo sapiens	ENSG00000091831	ESR1	MA0112.4	ESR1	monomer		9606	no	22.0612	1
2024	Homo sapiens	ENSG00000092067	CEBPE	MA0837.3	CEBPE	monomer		9606	no	15.8742	1
2024	Homo sapiens	ENSG00000092607	TBX15	MA0803.1	TBX15	monomer		9606	no	13.3063	1
2024	Homo sapiens	ENSG00000095794	CREM	MA0609.3	CREM	monomer		9606	no	11.5024	1
2024	Homo sapiens	ENSG00000096654	ZNF184	MA2120.1	ZNF184	monomer		9606	no	12.6852	1
2024	Homo sapiens	ENSG00000099326	MZF1	MA0056.3	MZF1	monomer		9606	no	11.1393	1
2024	Homo sapiens	ENSG00000100105	PATZ1	MA1961.2	PATZ1	monomer		9606	no	14.2817	1
2024	Homo sapiens	ENSG00000100146	SOX10	MA0442.3	SOX10	monomer		9606	no	10.6892	1
2024	Homo sapiens	ENSG00000100219	XBP1	MA0844.2	XBP1	monomer		9606	no	14.7541	1
2024	Homo sapiens	ENSG00000100426	ZBED4	MA2328.1	ZBED4	monomer		9606	no	11.7312	1
2024	Homo sapiens	ENSG00000100625	SIX4	MA2001.2	Six4	monomer		10090	yes	9.3667	1
2024	Homo sapiens	ENSG00000100644	HIF1A	MA1106.2	HIF1A	monomer		9606	no	10.0661	1
2024	Homo sapiens	ENSG00000100644	HIF1A	MA0259.2	ARNT::HIF1A	complex	ARNT	9606;9986;10090;10117	no	8.9550	2
2024	Homo sapiens	ENSG00000100811	YY1	MA0095.4	Yy1	monomer		10090	yes	11.3937	1
2024	Homo sapiens	ENSG00000100968	NFATC4	MA1525.3	NFATC4	monomer		9606	no	11.7634	1
2024	Homo sapiens	ENSG00000100987	VSX1	MA0725.2	VSX1	monomer		9606	no	8.0651	1
2024	Homo sapiens	ENSG00000101057	MYBL2	MA0777.1	MYBL2	monomer		9606	no	16.7740	1
2024	Homo sapiens	ENSG00000101076	HNF4A	MA1494.2	HNF4A	monomer		9606	no	20.9050	1
2024	Homo sapiens	ENSG00000101076	HNF4A	MA0114.5	HNF4A	monomer		9606	no	12.0652	2
2024	Homo sapiens	ENSG00000101096	NFATC2	MA0152.3	Nfatc2	monomer		10090	yes	11.1252	1
2024	Homo sapiens	ENSG00000101190	TCFL5	MA0632.3	TCFL5	monomer		9606	no	11.1245	1
2024	Homo sapiens	ENSG00000101216	GMEB2	MA0862.1	GMEB2	monomer		9606	no	9.8860	1
2024	Homo sapiens	ENSG00000101412	E2F1	MA0024.3	E2F1	monomer		9606	no	13.0479	1
2024	Homo sapiens	ENSG00000101883	RHOXF1	MA0719.2	RHOXF1	monomer		9606	no	8.1136	1
2024	Homo sapiens	ENSG00000102034	ELF4	MA0641.1	ELF4	monomer		9606	no	16.2525	1
2024	Homo sapiens	ENSG00000102145	GATA1	MA0035.5	GATA1	monomer		9606	no	9.7817	1
2024	Homo sapiens	ENSG00000102145	GATA1	MA0140.3	GATA1::TAL1	complex	TAL1	9606	no	14.2001	2
2024	Homo sapiens	ENSG00000102554	KLF5	MA0599.1	KLF5	monomer		9606	no	12.8599	1
2024	Homo sapiens	ENSG00000102878	HSF4	MA0771.1	HSF4	monomer		9606	no	13.6294	1
2024	Homo sapiens	ENSG00000102908	NFAT5	MA0606.3	Nfat5	monomer		10090	yes	11.1590	1
2024	Homo sapiens	ENSG00000102935	ZNF423	MA0116.1	Znf423	monomer		10116	yes	17.9252	1
2024	Homo sapiens	ENSG00000102974	CTCF	MA1930.2	CTCF	monomer		9606	no	20.7063	1
2024	Homo sapiens	ENSG00000102974	CTCF	MA1929.2	CTCF	monomer		9606	no	17.8007	2
2024	Homo sapiens	ENSG00000102974	CTCF	MA0139.2	CTCF	monomer		9606	no	16.1924	3
2024	Homo sapiens	ENSG00000103241	FOXF1	MA1606.2	Foxf1	monomer		10090	yes	10.1905	1
2024	Homo sapiens	ENSG00000103495	MAZ	MA1522.2	MAZ	monomer		9606	no	13.6400	1
2024	Homo sapiens	ENSG00000104447	TRPS1	MA1970.2	TRPS1	monomer		9606	no	10.2125	1
2024	Homo sapiens	ENSG00000104856	RELB	MA1117.2	RELB	monomer		9606	no	9.7718	1
2024	Homo sapiens	ENSG00000105392	CRX	MA0467.3	Crx	monomer		10090	yes	10.7587	1
2024	Homo sapiens	ENSG00000105419	MEIS3	MA0775.2	MEIS3	monomer		9606	no	8.8521	1
2024	Homo sapiens	ENSG00000105497	ZNF175	MA2332.1	ZNF175	monomer		9606	no	11.0495	1
2024	Homo sapiens	ENSG00000105516	DBP	MA0639.2	DBP	monomer		9606	no	13.6745	1
2024	Homo sapiens	ENSG00000105610	KLF1	MA0493.3	KLF1	monomer		9606	no	12.9335	1
2024	Homo sapiens	ENSG00000105672	ETV2	MA0762.2	ETV2	monomer		9606	no	14.1491	1
2024	Homo sapiens	ENSG00000105672	ETV2	MA1943.2	ETV2::HOXB13	complex	HOXB13	9606	no	15.6991	2
2024	Homo sapiens	ENSG00000105672	ETV2	MA1941.2	ETV2::FIGLA	complex	FIGLA	9606	no	15.3363	3
2024	Homo sapiens	ENSG00000105672	ETV2	MA1940.2	ETV2::DRGX	complex	DRGX	9606	no	14.0214	4
2024	Homo sapiens	ENSG00000105672	ETV2	MA1942.2	ETV2::FOXI1	complex	FOXI1	9606	no	12.3053	5
2024	Homo sapiens	ENSG00000105698	USF2	MA0526.5	USF2	monomer		9606	no	16.0518	1
2024	Homo sapiens	ENSG00000105722	ERF	MA0760.2	ERF	monomer		9606	no	12.6759	1
2024	Homo sapiens	ENSG00000105722	ERF	MA1939.2	ERF::SREBF2	complex	SREBF2	9606	no	20.7968	2
2024	Homo sapiens	ENSG00000105722	ERF	MA1938.2	ERF::NHLH1	complex	NHLH1	9606	no	20.5690	3
2024	Homo sapiens	ENSG00000105722	ERF	MA1934.2	ERF::FIGLA	complex	FIGLA	9606	no	17.9866	4
2024	Homo sapiens	ENSG00000105722	ERF	MA1936.2	ERF::FOXO1	complex	FOXO1	9606	no	12.9436	5
2024	Homo sapiens	ENSG00000105722	ERF	MA1937.2	ERF::HOXB13	complex	HOXB13	9606	no	11.8565	6
2024	Homo sapiens	ENSG00000105722	ERF	MA1935.2	ERF::FOXI1	complex	FOXI1	9606	no	9.4594	7
2024	Homo sapiens	ENSG00000105732	ZNF574	MA1982.2	ZNF574	monomer		9606	no	15.3289	1
2024	Homo sapiens	ENSG00000105750	ZNF85	MA1720.2	ZNF85	monomer		9606	no	15.1165	1
2024	Homo sapiens	ENSG00000105866	SP4	MA0685.2	SP4	monomer		9606	no	14.1878	1
2024	Homo sapiens	ENSG00000105880	DLX5	MA1476.3	Dlx5	monomer		10090	yes	11.2144	1
2024	Homo sapiens	ENSG00000105967	TFEC	MA0871.3	TFEC	monomer		9606	no	14.2701	1
2024	Homo sapiens	ENSG00000105991	HOXA1	MA1495.2	HOXA1	monomer		9606	no	8.2584	1
2024	Homo sapiens	ENSG00000105991	HOXA1	MA1931.1	ELK1::HOXA1	complex	ELK1	9606	no	17.3876	2
2024	Homo sapiens	ENSG00000105996	HOXA2	MA0900.3	HOXA2	monomer		9606	no	10.5279	1
2024	Homo sapiens	ENSG00000105996	HOXA2	MA1948.2	ETV5::HOXA2	complex	ETV5	9606	no	14.0612	2
2024	Homo sapiens	ENSG00000105997	HOXA3	MA2119.1	HOXA3	monomer		9606	no	9.8547	1
2024	Homo sapiens	ENSG00000106004	HOXA5	MA0158.2	HOXA5	monomer		9606	no	10.1685	1
2024	Homo sapiens	ENSG00000106006	HOXA6	MA1497.2	HOXA6	monomer		9606	no	6.8225	1
2024	Homo sapiens	ENSG00000106031	HOXA13	MA0650.4	Hoxa13	monomer		10090	yes	10.9834	1
2024	Homo sapiens	ENSG00000106038	EVX1	MA0887.2	EVX1	monomer		9606	no	7.3406	1
2024	Homo sapiens	ENSG00000106038	EVX1	MA1960.2	MGA::EVX1	complex	MGA	9606	no	13.8438	2
2024	Homo sapiens	ENSG00000106261	ZKSCAN1	MA1585.2	ZKSCAN1	monomer		9606	no	13.2654	1
2024	Homo sapiens	ENSG00000106331	PAX4	MA0068.2	PAX4	monomer		9606	no	9.4689	1
2024	Homo sapiens	ENSG00000106410	NOBOX	MA0125.2	Nobox	monomer		10090	yes	8.9854	1
2024	Homo sapiens	ENSG00000106459	NRF1	MA0506.3	Nrf1	monomer		10090	yes	14.5020	1
2024	Homo sapiens	ENSG00000106511	MEOX2	MA0706.2	MEOX2	monomer		9606	no	7.1562	1
2024	Homo sapiens	ENSG00000106536	POU6F2	MA0793.2	POU6F2	monomer		9606	no	11.4322	1
2024	Homo sapiens	ENSG00000106546	AHR	MA0006.2	Ahr::Arnt	complex	ARNT	10090	yes	9.2504	1
2024	Homo sapiens	ENSG00000106571	GLI3	MA1491.3	GLI3	monomer		9606	no	22.2643	1
2024	Homo sapiens	ENSG00000106689	LHX2	MA0700.3	LHX2	monomer		9606	no	10.0633	1
2024	Homo sapiens	ENSG00000106852	LHX6	MA0658.2	LHX6	monomer		9606	no	10.5597	1
2024	Homo sapiens	ENSG00000107175	CREB3	MA0638.2	CREB3	monomer		9606	no	15.3095	1
2024	Homo sapiens	ENSG00000107187	LHX3	MA0135.2	Lhx3	monomer		10090	yes	16.1364	1
2024	Homo sapiens	ENSG00000107249	GLIS3	MA0737.1	GLIS3	monomer		9606	no	21.0325	1
2024	Homo sapiens	ENSG00000107485	GATA3	MA0037.5	Gata3	monomer		10090	yes	10.2759	1
2024	Homo sapiens	ENSG00000107807	TLX1	MA0119.1	NFIC::TLX1	complex	NFIC	9606	no	19.6649	1
2024	Homo sapiens	ENSG00000107859	PITX3	MA0714.2	PITX3	monomer		9606	no	8.6028	1
2024	Homo sapiens	ENSG00000108001	EBF3	MA1637.2	EBF3	monomer		9606	no	11.9307	1
2024	Homo sapiens	ENSG00000108511	HOXB6	MA1500.2	HOXB6	monomer		9606	no	7.9155	1
2024	Homo sapiens	ENSG00000108788	MLX	MA0663.1	MLX	monomer		9606	no	14.7209	1
2024	Homo sapiens	ENSG00000108813	DLX4	MA0881.2	Dlx4	monomer		10090	yes	7.4947	1
2024	Homo sapiens	ENSG00000108924	HLF	MA0043.4	HLF	monomer		9606	no	13.0998	1
2024	Homo sapiens	ENSG00000109101	FOXN1	MA1684.1	Foxn1	monomer		10090	yes	9.5038	1
2024	Homo sapiens	ENSG00000109132	PHOX2B	MA0681.3	PHOX2B	monomer		9606	no	14.4041	1
2024	Homo sapiens	ENSG00000109320	NFKB1	MA0105.4	NFKB1	monomer		9606	no	20.5221	1
2024	Homo sapiens	ENSG00000109381	ELF2	MA1483.3	ELF2	monomer		9606	no	12.9355	1
2024	Homo sapiens	ENSG00000109705	NKX3-2	MA0122.4	Nkx3-2	monomer		10090	yes	11.8862	1
2024	Homo sapiens	ENSG00000109787	KLF3	MA1516.2	KLF3	monomer		9606	no	14.0886	1
2024	Homo sapiens	ENSG00000110693	SOX6	MA0515.1	Sox6	monomer		10090	yes	13.2005	1
2024	Homo sapiens	ENSG00000110851	PRDM4	MA1647.3	Prdm4	monomer		10090	yes	13.8252	1
2024	Homo sapiens	ENSG00000111046	MYF6	MA0667.1	MYF6	monomer		9606	no	14.5828	1
2024	Homo sapiens	ENSG00000111049	MYF5	MA1641.2	MYF5	monomer		9606	no	11.6883	1
2024	Homo sapiens	ENSG00000111087	GLI1	MA1990.2	Gli1	monomer		10090	yes	12.4128	1
2024	Homo sapiens	ENSG00000111145	ELK3	MA0759.3	ELK3	monomer		9606	no	13.9915	1
2024	Homo sapiens	ENSG00000111145	ELK3	MA1955.2	FOXO1::ELK3	complex	FOXO1	9606	no	15.3282	2
2024	Homo sapiens	ENSG00000111249	CUX2	MA0755.2	CUX2	monomer		9606	no	11.5352	1
2024	Homo sapiens	ENSG00000111424	VDR	MA0693.4	Vdr	monomer		10090	yes	9.6162	1
2024	Homo sapiens	ENSG00000111424	VDR	MA0074.1	RXRA::VDR	complex	RXRA	9606	no	20.4512	2
2024	Homo sapiens	ENSG00000111704	NANOG	MA2339.1	Nanog	monomer		10090	yes	9.5080	1
2024	Homo sapiens	ENSG00000111783	RFX4	MA0799.3	RFX4	monomer		9606	no	20.0052	1
2024	Homo sapiens	ENSG00000112033	PPARD	MA1550.2	PPARD	monomer		9606	no	20.0544	1
2024	Homo sapiens	ENSG00000112182	BACH2	MA1470.2	BACH2	monomer		9606	no	22.3706	1
2024	Homo sapiens	ENSG00000112182	BACH2	MA1101.3	BACH2	monomer		9606	no	16.3561	2
2024	Homo sapiens	ENSG00000112242	E2F3	MA0469.4	E2F3	monomer		9606	no	20.7759	1
2024	Homo sapiens	ENSG00000112333	NR2E1	MA0676.1	Nr2e1	monomer		10090	yes	11.3745	1
2024	Homo sapiens	ENSG00000112365	ZBTB24	MA2330.1	ZBTB24	monomer		9606	no	9.6929	1
2024	Homo sapiens	ENSG00000112561	TFEB	MA0692.2	TFEB	monomer		9606	no	10.7578	1
2024	Homo sapiens	ENSG00000112592	TBP	MA0108.3	TBP	monomer			yes	8.9766	1
2024	Homo sapiens	ENSG00000112658	SRF	MA0083.3	SRF	monomer		9606	no	20.9840	1
2024	Homo sapiens	ENSG00000112837	TBX18	MA1565.2	TBX18	monomer		9606	no	10.7925	1
2024	Homo sapiens	ENSG00000113196	HAND1	MA2123.1	Hand1	monomer		10090	yes	10.9288	1
2024	Homo sapiens	ENSG00000113196	HAND1	MA0092.2	Hand1::Tcf3	complex	TCF3	10090	yes	10.0750	2
2024	Homo sapiens	ENSG00000113580	NR3C1	MA0113.4	NR3C1	monomer		9606	no	18.9374	1
2024	Homo sapiens	ENSG00000113658	SMAD5	MA1557.1	SMAD5	monomer		9606	no	13.5423	1
2024	Homo sapiens	ENSG00000113722	CDX1	MA0878.3	CDX1	monomer		9606	no	13.8490	1
2024	Homo sapiens	ENSG00000113916	BCL6	MA0463.3	BCL6	monomer		9606	no	16.1094	1
2024	Homo sapiens	ENSG00000114315	HES1	MA1099.3	HES1	monomer		9606	no	10.5005	1
2024	Homo sapiens	ENSG00000114861	FOXP1	MA0481.4	FOXP1	monomer		9606	no	9.7219	1
2024	Homo sapiens	ENSG00000115112	TFCP2L1	MA0145.2	Tfcp2l1	monomer		10090	yes	11.6745	1
2024	Homo sapiens	ENSG00000115297	TLX2	MA1577.2	TLX2	monomer		9606	no	10.3420	1
2024	Homo sapiens	ENSG00000115415	STAT1	MA0137.4	STAT1	monomer		9606	no	14.0880	1
2024	Homo sapiens	ENSG00000115415	STAT1	MA0517.2	STAT1::STAT2	complex	STAT2	9606	no	15.7625	2
2024	Homo sapiens	ENSG00000115507	OTX1	MA0711.2	OTX1	monomer		9606	no	9.1361	1
2024	Homo sapiens	ENSG00000115844	DLX2	MA0885.3	Dlx2	monomer		10090	yes	11.0232	1
2024	Homo sapiens	ENSG00000115966	ATF2	MA1632.2	ATF2	monomer		9606	no	13.7149	1
2024	Homo sapiens	ENSG00000116016	EPAS1	MA2325.1	EPAS1	monomer		9606	no	11.5606	1
2024	Homo sapiens	ENSG00000116017	ARID3A	MA0151.1	Arid3a	monomer		10090	yes	9.8963	1
2024	Homo sapiens	ENSG00000116035	VAX2	MA0723.3	VAX2	monomer		9606	no	6.8689	1
2024	Homo sapiens	ENSG00000116044	NFE2L2	MA0150.3	Nfe2l2	monomer		10090	yes	15.1897	1
2024	Homo sapiens	ENSG00000116132	PRRX1	MA0716.2	PRRX1	monomer		9606	no	8.0513	1
2024	Homo sapiens	ENSG00000116604	MEF2D	MA0773.1	MEF2D	monomer		9606	no	18.4990	1
2024	Homo sapiens	ENSG00000116809	ZBTB17	MA2102.1	ZBTB17	monomer		9606	no	9.7334	1
2024	Homo sapiens	ENSG00000116819	TFAP2E	MA1569.2	TFAP2E	monomer		9606	no	11.6387	1
2024	Homo sapiens	ENSG00000116833	NR5A2	MA0505.3	Nr5A2	monomer		10090	yes	12.4952	1
2024	Homo sapiens	ENSG00000117010	ZNF684	MA1600.2	ZNF684	monomer		9606	no	20.0438	1
2024	Homo sapiens	ENSG00000117036	ETV3	MA0763.2	ETV3	monomer		9606	no	11.4588	1
2024	Homo sapiens	ENSG00000117595	IRF6	MA1509.1	IRF6	monomer		9606	no	14.1022	1
2024	Homo sapiens	ENSG00000117707	PROX1	MA0794.1	PROX1	monomer		9606	no	16.9360	1
2024	Homo sapiens	ENSG00000118217	ATF6	MA1466.2	ATF6	monomer		9606	no	19.0683	1
2024	Homo sapiens	ENSG00000118260	CREB1	MA0018.5	CREB1	monomer		9606	no	11.2214	1
2024	Homo sapiens	ENSG00000118263	KLF7	MA1959.2	KLF7	monomer		9606	no	12.4843	1
2024	Homo sapiens	ENSG00000118495	PLAGL1	MA1615.2	Plagl1	monomer		10090	yes	10.9321	1
2024	Homo sapiens	ENSG00000118513	MYB	MA0100.4	MYB	monomer		9606	no	11.0561	1
2024	Homo sapiens	ENSG00000118526	TCF21	MA1568.2	TCF21	monomer		9606	no	11.6039	1
2024	Homo sapiens	ENSG00000118526	TCF21	MA0832.2	Tcf21	monomer		10090	yes	17.4737	2
2024	Homo sapiens	ENSG00000118689	FOXO3	MA0157.4	Foxo3	monomer		10090	yes	9.8581	1
2024	Homo sapiens	ENSG00000118707	TGIF2	MA0797.1	TGIF2	monomer		9606	no	18.3775	1
2024	Homo sapiens	ENSG00000118922	KLF12	MA0742.2	KLF12	monomer		9606	no	14.3486	1
2024	Homo sapiens	ENSG00000119138	KLF9	MA1107.3	KLF9	monomer		9606	no	13.4059	1
2024	Homo sapiens	ENSG00000119547	ONECUT2	MA0756.3	ONECUT2	monomer		9606	no	12.4736	1
2024	Homo sapiens	ENSG00000119614	VSX2	MA0726.2	VSX2	monomer		9606	no	9.1632	1
2024	Homo sapiens	ENSG00000119715	ESRRB	MA0141.4	ESRRB	monomer		9606	no	16.1904	1
2024	Homo sapiens	ENSG00000119725	ZNF410	MA0752.2	ZNF410	monomer		9606	no	24.4194	1
2024	Homo sapiens	ENSG00000119866	BCL11A	MA2324.1	BCL11A	monomer		9606	no	9.3220	1
2024	Homo sapiens	ENSG00000119919	NKX2-3	MA0672.2	NKX2-3	monomer		9606	no	10.6425	1
2024	Homo sapiens	ENSG00000119950	MXI1	MA1108.3	MXI1	monomer		9606	no	10.7353	1
2024	Homo sapiens	ENSG00000120068	HOXB8	MA1502.2	HOXB8	monomer		9606	no	9.6272	1
2024	Homo sapiens	ENSG00000120075	HOXB5	MA0904.3	HOXB5	monomer		9606	no	9.0695	1
2024	Homo sapiens	ENSG00000120093	HOXB3	MA0903.2	HOXB3	monomer		9606	no	7.4280	1
2024	Homo sapiens	ENSG00000120094	HOXB1	MA2093.1	HOXB1	monomer		9606	no	9.2571	1
2024	Homo sapiens	ENSG00000120149	MSX2	MA0708.3	MSX2	monomer		9606	no	9.7248	1
2024	Homo sapiens	ENSG00000120669	SOHLH2	MA1560.2	SOHLH2	monomer		9606	no	11.1568	1
2024	Homo sapiens	ENSG00000120690	ELF1	MA0473.4	ELF1	monomer		9606	no	12.3532	1
2024	Homo sapiens	ENSG00000120690	ELF1	MA1953.2	FOXO1::ELF1	complex	FOXO1	9606	no	13.4256	2
2024	Homo sapiens	ENSG00000120690	ELF1	MA1952.2	FOXJ2::ELF1	complex	FOXJ2	9606	no	11.9374	3
2024	Homo sapiens	ENSG00000120738	EGR1	MA0162.5	EGR1	monomer		9606	no	11.5119	1
2024	Homo sapiens	ENSG00000120798	NR2C1	MA1535.2	NR2C1	monomer		9606	no	9.6274	1
2024	Homo sapiens	ENSG00000120837	NFYB	MA0502.3	NFYB	monomer		9606	no	11.9271	1
2024	Homo sapiens	ENSG00000121068	TBX2	MA0688.2	TBX2	monomer		9606	no	9.9887	1
2024	Homo sapiens	ENSG00000121075	TBX4	MA0806.1	TBX4	monomer		9606	no	9.8910	1
2024	Homo sapiens	ENSG00000121406	ZNF549	MA1728.2	ZNF549	monomer		9606	no	10.9847	1
2024	Homo sapiens	ENSG00000121417	ZNF211	MA1974.2	ZNF211	monomer		9606	no	14.4614	1
2024	Homo sapiens	ENSG00000121454	LHX4	MA0704.2	Lhx4	monomer		10090	yes	7.9890	1
2024	Homo sapiens	ENSG00000122180	MYOG	MA0500.3	MYOG	monomer		9606	no	11.6039	1
2024	Homo sapiens	ENSG00000122592	HOXA7	MA1498.3	HOXA7	monomer		9606	no	6.5637	1
2024	Homo sapiens	ENSG00000122691	TWIST1	MA1123.3	TWIST1	monomer		9606	no	11.0913	1
2024	Homo sapiens	ENSG00000122877	EGR2	MA0472.2	EGR2	monomer		9606	no	15.2889	1
2024	Homo sapiens	ENSG00000123095	BHLHE41	MA0636.1	BHLHE41	monomer		9606	no	15.4859	1
2024	Homo sapiens	ENSG00000123268	ATF1	MA0604.1	Atf1	monomer		10090	yes	10.5186	1
2024	Homo sapiens	ENSG00000123358	NR4A1	MA1112.3	NR4A1	monomer		9606	no	11.9889	1
2024	Homo sapiens	ENSG00000123364	HOXC13	MA0907.2	HOXC13	monomer		9606	no	14.0084	1
2024	Homo sapiens	ENSG00000123388	HOXC11	MA0651.3	HOXC11	monomer		9606	no	16.2723	1
2024	Homo sapiens	ENSG00000123405	NFE2	MA0841.2	NFE2	monomer		9606	no	16.6420	1
2024	Homo sapiens	ENSG00000123405	NFE2	MA0501.2	MAF::NFE2	complex	MAF	9606	no	16.7098	2
2024	Homo sapiens	ENSG00000123407	HOXC12	MA0906.2	HOXC12	monomer		9606	no	14.2697	1
2024	Homo sapiens	ENSG00000123576	ESX1	MA0644.3	ESX1	monomer		9606	no	9.9747	1
2024	Homo sapiens	ENSG00000123685	BATF3	MA0835.3	BATF3	monomer		9606	no	11.0005	1
2024	Homo sapiens	ENSG00000124092	CTCFL	MA1102.3	CTCFL	monomer		9606	no	11.6801	1
2024	Homo sapiens	ENSG00000124216	SNAI1	MA1558.2	SNAI1	monomer		9606	no	10.7171	1
2024	Homo sapiens	ENSG00000124664	SPDEF	MA0686.2	SPDEF	monomer		9606	no	14.3299	1
2024	Homo sapiens	ENSG00000124766	SOX4	MA0867.3	SOX4	monomer		9606	no	10.9108	1
2024	Homo sapiens	ENSG00000124782	RREB1	MA0073.2	RREB1	monomer		9606	no	22.1013	1
2024	Homo sapiens	ENSG00000124813	RUNX2	MA0511.2	RUNX2	monomer		9606	no	11.5507	1
2024	Homo sapiens	ENSG00000124827	GCM2	MA0767.2	GCM2	monomer		9606	no	10.7538	1
2024	Homo sapiens	ENSG00000125285	SOX21	MA0866.1	SOX21	monomer		9606	no	23.3650	1
2024	Homo sapiens	ENSG00000125347	IRF1	MA0050.4	Irf1	monomer		10090	yes	13.2004	1
2024	Homo sapiens	ENSG00000125398	SOX9	MA0077.2	SOX9	monomer		9606	no	8.8981	1
2024	Homo sapiens	ENSG00000125492	BARHL1	MA0877.4	BARHL1	monomer		9606	no	9.7056	1
2024	Homo sapiens	ENSG00000125533	BHLHE23	MA0817.2	BHLHE23	monomer		9606	no	14.7172	1
2024	Homo sapiens	ENSG00000125618	PAX8	MA2094.1	PAX8	monomer		9606	no	16.0612	1
2024	Homo sapiens	ENSG00000125740	FOSB	MA1127.1	FOSB::JUN	complex	JUN	9606	no	12.8374	1
2024	Homo sapiens	ENSG00000125740	FOSB	MA1135.2	FOSB::JUNB	complex	JUNB	9606	no	12.5541	2
2024	Homo sapiens	ENSG00000125740	FOSB	MA1136.1	FOSB::JUNB	complex	JUNB	9606	no	11.1557	3
2024	Homo sapiens	ENSG00000125798	FOXA2	MA0047.4	FOXA2	monomer		9606	no	10.5235	1
2024	Homo sapiens	ENSG00000125813	PAX1	MA0779.2	PAX1	monomer		9606	no	19.5198	1
2024	Homo sapiens	ENSG00000125816	NKX2-4	MA2003.2	NKX2-4	monomer		9606	no	8.9946	1
2024	Homo sapiens	ENSG00000125820	NKX2-2	MA1645.2	NKX2-2	monomer		9606	no	10.6454	1
2024	Homo sapiens	ENSG00000125850	OVOL2	MA1545.2	OVOL2	monomer		9606	no	11.9206	1
2024	Homo sapiens	ENSG00000125952	MAX	MA0058.4	MAX	monomer		9606	no	10.9043	1
2024	Homo sapiens	ENSG00000125952	MAX	MA0059.2	MAX::MYC	complex	MYC	9606	no	13.9541	2
2024	Homo sapiens	ENSG00000126003	PLAGL2	MA1548.2	PLAGL2	monomer		9606	no	12.0495	1
2024	Homo sapiens	ENSG00000126351	THRA	MA1969.2	THRA	monomer		9606	no	19.8907	1
2024	Homo sapiens	ENSG00000126368	NR1D1	MA1531.2	NR1D1	monomer		9606	no	19.0005	1
2024	Homo sapiens	ENSG00000126456	IRF3	MA1418.2	IRF3	monomer		9606	no	23.1864	1
2024	Homo sapiens	ENSG00000126561	STAT5A	MA1624.2	Stat5a	monomer		10090	yes	12.4872	1
2024	Homo sapiens	ENSG00000126561	STAT5A	MA0519.2	Stat5a::Stat5b	complex	STAT5B	10090	yes	13.0526	2
2024	Homo sapiens	ENSG00000126603	GLIS2	MA0736.1	GLIS2	monomer		9606	no	16.8707	1
2024	Homo sapiens	ENSG00000126746	ZNF384	MA1125.2	ZNF384	monomer		9606	no	12.6778	1
2024	Homo sapiens	ENSG00000126767	ELK1	MA0028.3	ELK1	monomer		9606	no	14.2223	1
2024	Homo sapiens	ENSG00000126767	ELK1	MA1958.2	HOXD12::ELK1	complex	HOXD12	9606	no	20.5728	2
2024	Homo sapiens	ENSG00000126767	ELK1	MA1932.2	ELK1::HOXB13	complex	HOXB13	9606	no	18.8968	3
2024	Homo sapiens	ENSG00000126767	ELK1	MA1933.2	ELK1::SREBF2	complex	SREBF2	9606	no	18.3050	4
2024	Homo sapiens	ENSG00000126767	ELK1	MA1931.1	ELK1::HOXA1	complex	HOXA1	9606	no	17.3876	5
2024	Homo sapiens	ENSG00000126767	ELK1	MA1957.1	HOXB2::ELK1	complex	HOXB2	9606	no	17.1925	6
2024	Homo sapiens	ENSG00000126767	ELK1	MA1954.2	FOXO1::ELK1	complex	FOXO1	9606	no	15.0304	7
2024	Homo sapiens	ENSG00000126778	SIX1	MA1118.2	SIX1	monomer		9606	no	11.4679	1
2024	Homo sapiens	ENSG00000127152	BCL11B	MA1989.2	Bcl11B	monomer		10090	yes	10.5929	1
2024	Homo sapiens	ENSG00000127528	KLF2	MA1515.2	KLF2	monomer		9606	no	9.6958	1
2024	Homo sapiens	ENSG00000128272	ATF4	MA0833.3	ATF4	monomer		9606	no	14.6351	1
2024	Homo sapiens	ENSG00000128573	FOXP2	MA0593.2	FOXP2	monomer		9606	no	13.5408	1
2024	Homo sapiens	ENSG00000128604	IRF5	MA1420.1	IRF5	monomer		9606	no	15.3460	1
2024	Homo sapiens	ENSG00000128652	HOXD3	MA0912.2	HOXD3	monomer		9606	no	11.7367	1
2024	Homo sapiens	ENSG00000128709	HOXD9	MA0913.3	HOXD9	monomer		9606	no	12.4466	1
2024	Homo sapiens	ENSG00000128710	HOXD10	MA1506.2	HOXD10	monomer		9606	no	14.5717	1
2024	Homo sapiens	ENSG00000128713	HOXD11	MA0908.2	HOXD11	monomer		9606	no	12.2332	1
2024	Homo sapiens	ENSG00000128714	HOXD13	MA0909.4	Hoxd13	monomer		10090	yes	12.0507	1
2024	Homo sapiens	ENSG00000129152	MYOD1	MA0499.3	MYOD1	monomer		9606	no	11.6385	1
2024	Homo sapiens	ENSG00000129173	E2F8	MA0865.3	E2F8	monomer		9606	no	10.5917	1
2024	Homo sapiens	ENSG00000129194	SOX15	MA1152.2	SOX15	monomer		9606	no	9.0296	1
2024	Homo sapiens	ENSG00000129514	FOXA1	MA0148.5	FOXA1	monomer		9606	no	10.9659	1
2024	Homo sapiens	ENSG00000129535	NRL	MA0842.3	NRL	monomer		9606	no	14.8433	1
2024	Homo sapiens	ENSG00000129911	KLF16	MA0741.1	KLF16	monomer		9606	no	13.1606	1
2024	Homo sapiens	ENSG00000130522	JUND	MA0492.2	JUND	monomer		9606	no	14.6907	1
2024	Homo sapiens	ENSG00000130522	JUND	MA0491.3	JUND	monomer		9606	no	12.7301	2
2024	Homo sapiens	ENSG00000130522	JUND	MA1141.2	FOS::JUND	complex	FOS	9606	no	13.1131	3
2024	Homo sapiens	ENSG00000130522	JUND	MA1145.2	FOSL2::JUND	complex	FOSL2	9606	no	12.8486	4
2024	Homo sapiens	ENSG00000130522	JUND	MA1144.2	FOSL2::JUND	complex	FOSL2	9606	no	12.7818	5
2024	Homo sapiens	ENSG00000130522	JUND	MA1142.2	FOSL1::JUND	complex	FOSL1	9606	no	7.2845	6
2024	Homo sapiens	ENSG00000130522	JUND	MA1143.2	FOSL1::JUND	complex	FOSL1	9606	no	7.1295	7
2024	Homo sapiens	ENSG00000130675	MNX1	MA0707.3	MNX1	monomer		9606	no	9.0111	1
2024	Homo sapiens	ENSG00000130700	GATA5	MA0766.3	GATA5	monomer		9606	no	11.2711	1
2024	Homo sapiens	ENSG00000130803	ZNF317	MA1593.2	ZNF317	monomer		9606	no	11.2811	1
2024	Homo sapiens	ENSG00000130844	ZNF331	MA1726.2	ZNF331	monomer		9606	no	13.0129	1
2024	Homo sapiens	ENSG00000131061	ZNF341	MA1655.2	ZNF341	monomer		9606	no	10.5431	1
2024	Homo sapiens	ENSG00000131196	NFATC1	MA0624.3	Nfatc1	monomer		10090	yes	10.6663	1
2024	Homo sapiens	ENSG00000131264	CDX4	MA1473.2	CDX4	monomer		9606	no	13.8167	1
2024	Homo sapiens	ENSG00000131408	NR1H2	MA1996.2	Nr1H2	monomer		10090	yes	10.2949	1
2024	Homo sapiens	ENSG00000131408	NR1H2	MA0115.1	NR1H2::RXRA	complex	RXRA	9606	no	27.8780	2
2024	Homo sapiens	ENSG00000131668	BARX1	MA0875.2	BARX1	monomer		9606	no	8.7559	1
2024	Homo sapiens	ENSG00000131759	RARA	MA0729.1	RARA	monomer		9606	no	28.1358	1
2024	Homo sapiens	ENSG00000131759	RARA	MA0730.1	RARA	monomer		9606	no	22.7684	2
2024	Homo sapiens	ENSG00000131759	RARA	MA0159.1	RARA::RXRA	complex	RXRA	9606	no	16.0043	3
2024	Homo sapiens	ENSG00000131759	RARA	MA1149.2	RARA::RXRG	complex	RXRG	9606	no	13.1160	4
2024	Homo sapiens	ENSG00000131931	THAP1	MA0597.3	THAP1	monomer		9606	no	10.6628	1
2024	Homo sapiens	ENSG00000132005	RFX1	MA0509.3	RFX1	monomer		9606	no	23.1028	1
2024	Homo sapiens	ENSG00000132170	PPARG	MA0066.2	PPARG	monomer		9606	no	20.0720	1
2024	Homo sapiens	ENSG00000132170	PPARG	MA0065.3	Pparg::Rxra	complex	RXRA	10090	yes	11.1903	2
2024	Homo sapiens	ENSG00000133794	ARNTL	MA0603.2	Arntl	monomer		10090	yes	10.9719	1
2024	Homo sapiens	ENSG00000133937	GSC	MA0648.2	GSC	monomer		9606	no	9.0572	1
2024	Homo sapiens	ENSG00000134107	BHLHE40	MA0464.3	BHLHE40	monomer		9606	no	12.3715	1
2024	Homo sapiens	ENSG00000134138	MEIS2	MA1640.2	MEIS2	monomer		9606	no	11.4615	1
2024	Homo sapiens	ENSG00000134138	MEIS2	MA0774.1	MEIS2	monomer		9606	no	10.9579	2
2024	Homo sapiens	ENSG00000134317	GRHL1	MA0647.2	GRHL1	monomer		9606	no	13.8969	1
2024	Homo sapiens	ENSG00000134323	MYCN	MA0104.5	MYCN	monomer		9606	no	11.5979	1
2024	Homo sapiens	ENSG00000134438	RAX	MA0718.2	RAX	monomer		9606	no	9.0619	1
2024	Homo sapiens	ENSG00000134532	SOX5	MA0087.3	Sox5	monomer		10090	yes	11.4458	1
2024	Homo sapiens	ENSG00000134595	SOX3	MA0514.3	Sox3	monomer		10090	yes	10.0231	1
2024	Homo sapiens	ENSG00000134852	CLOCK	MA0819.3	CLOCK	monomer		9606	no	10.4575	1
2024	Homo sapiens	ENSG00000134954	ETS1	MA0098.4	ETS1	monomer		9606	no	12.0165	1
2024	Homo sapiens	ENSG00000135100	HNF1A	MA0046.3	HNF1A	monomer		9606	no	15.7802	1
2024	Homo sapiens	ENSG00000135100	HNF1A	MA1991.2	Hnf1A	monomer		10090	yes	11.3523	2
2024	Homo sapiens	ENSG00000135111	TBX3	MA1566.3	TBX3	monomer		9606	no	12.6748	1
2024	Homo sapiens	ENSG00000135373	EHF	MA0598.4	EHF	monomer		9606	no	11.3618	1
2024	Homo sapiens	ENSG00000135374	ELF5	MA0136.4	Elf5	monomer		10090	yes	11.1483	1
2024	Homo sapiens	ENSG00000135457	TFCP2	MA1968.2	TFCP2	monomer		9606	no	11.4097	1
2024	Homo sapiens	ENSG00000135547	HEY2	MA0649.2	HEY2	monomer		9606	no	11.7769	1
2024	Homo sapiens	ENSG00000135625	EGR4	MA0733.2	EGR4	monomer		9606	no	13.2004	1
2024	Homo sapiens	ENSG00000135638	EMX1	MA0612.3	EMX1	monomer		9606	no	10.2438	1
2024	Homo sapiens	ENSG00000135903	PAX3	MA0780.1	PAX3	monomer		9606	no	15.4255	1
2024	Homo sapiens	ENSG00000135903	PAX3	MA1546.2	PAX3	monomer		9606	no	14.6526	2
2024	Homo sapiens	ENSG00000136327	NKX2-8	MA0673.2	NKX2-8	monomer		9606	no	8.8953	1
2024	Homo sapiens	ENSG00000136352	NKX2-1	MA1994.2	Nkx2-1	monomer		10090	yes	10.7634	1
2024	Homo sapiens	ENSG00000136451	VEZF1	MA1578.2	VEZF1	monomer		9606	no	10.7305	1
2024	Homo sapiens	ENSG00000136535	TBR1	MA0802.2	TBR1	monomer		9606	no	12.1990	1
2024	Homo sapiens	ENSG00000136574	GATA4	MA0482.3	GATA4	monomer		9606	no	10.8733	1
2024	Homo sapiens	ENSG00000136826	KLF4	MA0039.5	KLF4	monomer		9606	no	10.8003	1
2024	Homo sapiens	ENSG00000136870	ZNF189	MA1725.2	ZNF189	monomer		9606	no	12.0412	1
2024	Homo sapiens	ENSG00000136931	NR5A1	MA1540.3	NR5A1	monomer		10090	yes	13.5079	1
2024	Homo sapiens	ENSG00000136944	LMX1B	MA0703.3	LMX1B	monomer		9606	no	13.4963	1
2024	Homo sapiens	ENSG00000136997	MYC	MA0147.4	MYC	monomer		9606	no	10.9752	1
2024	Homo sapiens	ENSG00000136997	MYC	MA0059.2	MAX::MYC	complex	MAX	9606	no	13.9541	2
2024	Homo sapiens	ENSG00000137090	DMRT1	MA1603.2	Dmrt1	monomer		10090	yes	11.6151	1
2024	Homo sapiens	ENSG00000137166	FOXP4	MA2117.1	FOXP4	monomer		9606	no	9.4905	1
2024	Homo sapiens	ENSG00000137203	TFAP2A	MA0872.1	TFAP2A	monomer		9606	no	14.0962	1
2024	Homo sapiens	ENSG00000137203	TFAP2A	MA0003.5	TFAP2A	monomer		9606	no	11.4502	2
2024	Homo sapiens	ENSG00000137203	TFAP2A	MA0810.2	TFAP2A	monomer		9606	no	10.5433	3
2024	Homo sapiens	ENSG00000137265	IRF4	MA1419.2	IRF4	monomer		9606	no	22.9500	1
2024	Homo sapiens	ENSG00000137270	GCM1	MA0646.2	GCM1	monomer		9606	no	12.9064	1
2024	Homo sapiens	ENSG00000137273	FOXF2	MA0030.2	FOXF2	monomer		9606	no	13.7866	1
2024	Homo sapiens	ENSG00000137309	HMGA1	MA2124.1	Hmga1	monomer		10090	yes	11.8520	1
2024	Homo sapiens	ENSG00000137709	POU2F3	MA0627.3	POU2F3	monomer		9606	no	13.0703	1
2024	Homo sapiens	ENSG00000138083	SIX3	MA0631.2	Six3	monomer		10090	yes	13.9531	1
2024	Homo sapiens	ENSG00000138136	LBX1	MA0618.2	LBX1	monomer		9606	no	9.9599	1
2024	Homo sapiens	ENSG00000138378	STAT4	MA0518.2	Stat4	monomer		10090	yes	13.0302	1
2024	Homo sapiens	ENSG00000138738	PRDM5	MA1999.2	Prdm5	monomer		10090	yes	11.3732	1
2024	Homo sapiens	ENSG00000138795	LEF1	MA0768.3	Lef1	monomer		10090	yes	10.4223	1
2024	Homo sapiens	ENSG00000139083	ETV6	MA0645.2	ETV6	monomer		9606	no	12.1780	1
2024	Homo sapiens	ENSG00000139352	ASCL1	MA1631.2	ASCL1	monomer		9606	no	11.7271	1
2024	Homo sapiens	ENSG00000139352	ASCL1	MA1100.3	ASCL1	monomer		9606	no	9.2995	2
2024	Homo sapiens	ENSG00000139515	PDX1	MA0132.3	PDX1	monomer		9606	no	9.6853	1
2024	Homo sapiens	ENSG00000139651	ZNF740	MA0753.3	ZNF740	monomer		9606	no	14.4618	1
2024	Homo sapiens	ENSG00000139800	ZIC5	MA1584.2	ZIC5	monomer		9606	no	18.9734	1
2024	Homo sapiens	ENSG00000140009	ESR2	MA0258.2	ESR2	monomer		9606	no	13.1189	1
2024	Homo sapiens	ENSG00000140044	JDP2	MA0656.2	JDP2	monomer		9606	no	17.1578	1
2024	Homo sapiens	ENSG00000140044	JDP2	MA0655.1	JDP2	monomer		9606	no	15.1023	2
2024	Homo sapiens	ENSG00000140262	TCF12	MA1648.2	TCF12	monomer		9606	no	9.5323	1
2024	Homo sapiens	ENSG00000140262	TCF12	MA0521.3	Tcf12	monomer		10090	yes	10.4944	2
2024	Homo sapiens	ENSG00000140265	ZSCAN29	MA1602.2	ZSCAN29	monomer		9606	no	14.8035	1
2024	Homo sapiens	ENSG00000140968	IRF8	MA0652.2	IRF8	monomer		9606	no	22.3730	1
2024	Homo sapiens	ENSG00000141448	GATA6	MA1104.3	GATA6	monomer		9606	no	10.7362	1
2024	Homo sapiens	ENSG00000141510	TP53	MA0106.3	TP53	monomer		9606	no	20.6607	1
2024	Homo sapiens	ENSG00000141568	FOXK2	MA1103.3	FOXK2	monomer		9606	no	9.7859	1
2024	Homo sapiens	ENSG00000141646	SMAD4	MA1153.2	Smad4	monomer		10090	yes	11.4693	1
2024	Homo sapiens	ENSG00000141905	NFIC	MA1527.2	NFIC	monomer		9606	no	18.2444	1
2024	Homo sapiens	ENSG00000141905	NFIC	MA0161.3	NFIC	monomer		9606	no	10.5031	2
2024	Homo sapiens	ENSG00000141905	NFIC	MA0119.1	NFIC::TLX1	complex	TLX1	9606	no	19.6649	3
2024	Homo sapiens	ENSG00000141946	ZIM3	MA1709.2	ZIM3	monomer		9606	no	15.0548	1
2024	Homo sapiens	ENSG00000141956	PRDM15	MA1616.2	Prdm15	monomer		10090	yes	13.0289	1
2024	Homo sapiens	ENSG00000142025	DMRTC2	MA1479.2	DMRTC2	monomer		9606	no	12.0539	1
2024	Homo sapiens	ENSG00000142065	ZFP14	MA1972.1	ZFP14	monomer		9606	no	15.0297	1
2024	Homo sapiens	ENSG00000142700	DMRTA2	MA1478.2	DMRTA2	monomer		9606	no	7.9913	1
2024	Homo sapiens	ENSG00000143032	BARHL2	MA0635.2	BARHL2	monomer		9606	no	8.0335	1
2024	Homo sapiens	ENSG00000143171	RXRG	MA0856.1	RXRG	monomer		9606	no	22.3316	1
2024	Homo sapiens	ENSG00000143171	RXRG	MA1556.1	RXRG	monomer		9606	no	17.9218	2
2024	Homo sapiens	ENSG00000143171	RXRG	MA1149.2	RARA::RXRG	complex	RARA	9606	no	13.1160	3
2024	Homo sapiens	ENSG00000143178	TBX19	MA0804.2	TBX19	monomer		9606	no	16.9779	1
2024	Homo sapiens	ENSG00000143190	POU2F1	MA0785.2	POU2F1	monomer		9606	no	11.5318	1
2024	Homo sapiens	ENSG00000143190	POU2F1	MA1962.1	POU2F1::SOX2	complex	SOX2	9606	no	19.9747	2
2024	Homo sapiens	ENSG00000143257	NR1I3	MA1534.2	NR1I3	monomer		9606	no	10.5149	1
2024	Homo sapiens	ENSG00000143355	LHX9	MA0701.3	LHX9	monomer		9606	no	10.8649	1
2024	Homo sapiens	ENSG00000143365	RORC	MA1151.2	RORC	monomer		9606	no	9.7696	1
2024	Homo sapiens	ENSG00000143390	RFX5	MA0510.3	RFX5	monomer		9606	no	20.1646	1
2024	Homo sapiens	ENSG00000143437	ARNT	MA0004.1	Arnt	monomer		10090	yes	10.9917	1
2024	Homo sapiens	ENSG00000143437	ARNT	MA0259.2	ARNT::HIF1A	complex	HIF1A	9606;9986;10090;10117	no	8.9550	2
2024	Homo sapiens	ENSG00000143437	ARNT	MA0006.2	Ahr::Arnt	complex	AHR	10090	yes	9.2504	3
2024	Homo sapiens	ENSG00000143578	CREB3L4	MA1474.2	CREB3L4	monomer		9606	no	10.6715	1
2024	Homo sapiens	ENSG00000143578	CREB3L4	MA1475.2	CREB3L4	monomer		9606	no	10.6216	2
2024	Homo sapiens	ENSG00000143842	SOX13	MA1120.2	SOX13	monomer		9606	no	9.9889	1
2024	Homo sapiens	ENSG00000143867	OSR1	MA1542.2	OSR1	monomer		9606	no	12.2290	1
2024	Homo sapiens	ENSG00000143995	MEIS1	MA1639.2	MEIS1	monomer		9606	no	11.6966	1
2024	Homo sapiens	ENSG00000143995	MEIS1	MA0498.3	MEIS1	monomer		9606	no	7.7923	2
2024	Homo sapiens	ENSG00000144355	DLX1	MA0879.3	DLX1	monomer		9606	no	8.1229	1
2024	Homo sapiens	ENSG00000144485	HES6	MA1493.1	HES6	monomer		9606	no	14.1502	1
2024	Homo sapiens	ENSG00000144852	NR1I2	MA1533.2	NR1I2	monomer		9606	no	14.3452	1
2024	Homo sapiens	ENSG00000146592	CREB5	MA0840.2	Creb5	monomer		10090	yes	16.1312	1
2024	Homo sapiens	ENSG00000146618	FERD3L	MA1485.1	FERD3L	monomer		9606	no	18.0625	1
2024	Homo sapiens	ENSG00000147117	ZNF157	MA2331.1	ZNF157	monomer		9606	no	23.7682	1
2024	Homo sapiens	ENSG00000147421	HMBOX1	MA0895.2	HMBOX1	monomer		9606	no	8.8611	1
2024	Homo sapiens	ENSG00000147596	PRDM14	MA1998.2	Prdm14	monomer		10090	yes	10.5448	1
2024	Homo sapiens	ENSG00000147862	NFIB	MA1643.2	NFIB	monomer		9606	no	18.7506	1
2024	Homo sapiens	ENSG00000148200	NR6A1	MA1541.2	NR6A1	monomer		9606	no	15.3975	1
2024	Homo sapiens	ENSG00000148516	ZEB1	MA0103.4	ZEB1	monomer		9606	no	10.5948	1
2024	Homo sapiens	ENSG00000148704	VAX1	MA0722.2	VAX1	monomer		9606	no	6.8273	1
2024	Homo sapiens	ENSG00000148737	TCF7L2	MA0523.2	TCF7L2	monomer		9606	no	12.7812	1
2024	Homo sapiens	ENSG00000148826	NKX6-2	MA0675.2	NKX6-2	monomer		9606	no	6.7939	1
2024	Homo sapiens	ENSG00000149050	ZNF214	MA1975.2	ZNF214	monomer		9606	no	13.4324	1
2024	Homo sapiens	ENSG00000149922	TBX6	MA1567.3	Tbx6	monomer		10090	yes	11.5087	1
2024	Homo sapiens	ENSG00000150907	FOXO1	MA0480.3	Foxo1	monomer		10090	yes	9.2785	1
2024	Homo sapiens	ENSG00000150907	FOXO1	MA1956.2	FOXO1::FLI1	complex	FLI1	9606	no	18.1961	2
2024	Homo sapiens	ENSG00000150907	FOXO1	MA1955.2	FOXO1::ELK3	complex	ELK3	9606	no	15.3282	3
2024	Homo sapiens	ENSG00000150907	FOXO1	MA1954.2	FOXO1::ELK1	complex	ELK1	9606	no	15.0304	4
2024	Homo sapiens	ENSG00000150907	FOXO1	MA1953.2	FOXO1::ELF1	complex	ELF1	9606	no	13.4256	5
2024	Homo sapiens	ENSG00000150907	FOXO1	MA1936.2	ERF::FOXO1	complex	ERF	9606	no	12.9436	6
2024	Homo sapiens	ENSG00000150907	FOXO1	MA1947.2	ETV5::FOXO1	complex	ETV5	9606	no	11.5699	7
2024	Homo sapiens	ENSG00000151090	THRB	MA1576.2	THRB	monomer		9606	no	21.4442	1
2024	Homo sapiens	ENSG00000151090	THRB	MA1575.2	THRB	monomer		9606	no	17.6608	2
2024	Homo sapiens	ENSG00000151090	THRB	MA1574.2	THRB	monomer		9606	no	15.8122	3
2024	Homo sapiens	ENSG00000151379	MSGN1	MA1524.3	Msgn1	monomer		10090	yes	14.0849	1
2024	Homo sapiens	ENSG00000151615	POU4F2	MA0683.2	POU4F2	monomer		9606	no	20.7708	1
2024	Homo sapiens	ENSG00000151623	NR3C2	MA0727.2	NR3C2	monomer		9606	no	18.7705	1
2024	Homo sapiens	ENSG00000151650	VENTX	MA0724.1	VENTX	monomer		9606	no	11.0461	1
2024	Homo sapiens	ENSG00000151702	FLI1	MA0475.3	FLI1	monomer		9606	no	13.1570	1
2024	Homo sapiens	ENSG00000151702	FLI1	MA1967.2	TFAP4::FLI1	complex	TFAP4	9606	no	21.0150	2
2024	Homo sapiens	ENSG00000151702	FLI1	MA1956.2	FOXO1::FLI1	complex	FOXO1	9606	no	18.1961	3
2024	Homo sapiens	ENSG00000151702	FLI1	MA1949.2	FLI1::DRGX	complex	DRGX	9606	no	14.1377	4
2024	Homo sapiens	ENSG00000151702	FLI1	MA1950.2	FLI1::FOXI1	complex	FOXI1	9606	no	12.9559	5
2024	Homo sapiens	ENSG00000152192	POU4F1	MA0790.2	POU4F1	monomer		9606	no	12.7303	1
2024	Homo sapiens	ENSG00000152284	TCF7L1	MA1421.1	TCF7L1	monomer		9606	no	16.7853	1
2024	Homo sapiens	ENSG00000152433	ZNF547	MA2334.1	ZNF547	monomer		9606	no	16.8021	1
2024	Homo sapiens	ENSG00000152977	ZIC1	MA0696.1	ZIC1	monomer		9606	no	18.7736	1
2024	Homo sapiens	ENSG00000152977	ZIC1	MA1628.2	Zic1::Zic2	complex	ZIC2	10090	yes	11.5256	2
2024	Homo sapiens	ENSG00000153234	NR4A2	MA0160.3	NR4A2	monomer		9606	no	11.5067	1
2024	Homo sapiens	ENSG00000153234	NR4A2	MA1147.2	NR4A2::RXRA	complex	RXRA	9606	no	14.0183	2
2024	Homo sapiens	ENSG00000153266	FEZF2	MA2341.1	FEZF2	monomer		9606	no	10.6168	1
2024	Homo sapiens	ENSG00000153779	TGIF2LX	MA1571.1	TGIF2LX	monomer		9606	no	13.9287	1
2024	Homo sapiens	ENSG00000153879	CEBPG	MA0838.1	CEBPG	monomer		9606	no	14.6597	1
2024	Homo sapiens	ENSG00000153879	CEBPG	MA1636.2	CEBPG	monomer		9606	no	13.2995	2
2024	Homo sapiens	ENSG00000154727	GABPA	MA0062.4	GABPA	monomer		9606	no	11.6652	1
2024	Homo sapiens	ENSG00000155090	KLF10	MA1511.2	KLF10	monomer		9606	no	13.8803	1
2024	Homo sapiens	ENSG00000156127	BATF	MA1634.2	BATF	monomer		9606	no	10.4815	1
2024	Homo sapiens	ENSG00000156127	BATF	MA0462.3	BATF::JUN	complex	JUN	9606	no	10.6794	2
2024	Homo sapiens	ENSG00000156150	ALX3	MA0634.2	ALX3	monomer		9606	no	7.0019	1
2024	Homo sapiens	ENSG00000156273	BACH1	MA1633.2	BACH1	monomer		9606	no	14.1127	1
2024	Homo sapiens	ENSG00000156273	BACH1	MA0591.2	Bach1::Mafk	complex	MAFK	10090	yes	17.8319	2
2024	Homo sapiens	ENSG00000156925	ZIC3	MA0697.3	Zic3	monomer		10090	yes	10.6322	1
2024	Homo sapiens	ENSG00000157554	ERG	MA0474.4	Erg	monomer		10090	yes	12.0948	1
2024	Homo sapiens	ENSG00000157557	ETS2	MA1484.2	ETS2	monomer		9606	no	13.2657	1
2024	Homo sapiens	ENSG00000157613	CREB3L1	MA0839.2	CREB3L1	monomer		9606	no	17.1870	1
2024	Homo sapiens	ENSG00000158711	ELK4	MA0076.3	ELK4	monomer		9606	no	12.7295	1
2024	Homo sapiens	ENSG00000158773	USF1	MA0093.4	USF1	monomer		9606	no	12.8453	1
2024	Homo sapiens	ENSG00000159184	HOXB13	MA0901.3	HOXB13	monomer		9606	no	12.5094	1
2024	Homo sapiens	ENSG00000159184	HOXB13	MA1932.2	ELK1::HOXB13	complex	ELK1	9606	no	18.8968	2
2024	Homo sapiens	ENSG00000159184	HOXB13	MA1943.2	ETV2::HOXB13	complex	ETV2	9606	no	15.6991	3
2024	Homo sapiens	ENSG00000159184	HOXB13	MA1937.2	ERF::HOXB13	complex	ERF	9606	no	11.8565	4
2024	Homo sapiens	ENSG00000159216	RUNX1	MA0002.3	Runx1	monomer		10090	yes	10.2134	1
2024	Homo sapiens	ENSG00000159556	ISL2	MA0914.2	ISL2	monomer		9606	no	7.0416	1
2024	Homo sapiens	ENSG00000160113	NR2F6	MA1539.1	NR2F6	monomer		9606	no	20.5514	1
2024	Homo sapiens	ENSG00000160113	NR2F6	MA0728.1	Nr2F6	monomer		10090	yes	25.0425	2
2024	Homo sapiens	ENSG00000160113	NR2F6	MA0677.2	Nr2f6	monomer		10090	yes	18.0289	3
2024	Homo sapiens	ENSG00000160199	PKNOX1	MA0782.3	PKNOX1	monomer		9606	no	12.2097	1
2024	Homo sapiens	ENSG00000160685	ZBTB7B	MA0694.2	ZBTB7B	monomer		9606	no	13.4946	1
2024	Homo sapiens	ENSG00000160973	FOXH1	MA0479.2	FOXH1	monomer		9606	no	13.3681	1
2024	Homo sapiens	ENSG00000161298	ZNF382	MA1594.1	ZNF382	monomer		9606	no	26.2209	1
2024	Homo sapiens	ENSG00000161405	IKZF3	MA1992.2	Ikzf3	monomer		10090	yes	11.5755	1
2024	Homo sapiens	ENSG00000161940	BCL6B	MA0731.1	BCL6B	monomer		9606	no	29.8094	1
2024	Homo sapiens	ENSG00000162086	ZNF75A	MA2097.1	ZNF75A	monomer		9606	no	16.5452	1
2024	Homo sapiens	ENSG00000162367	TAL1	MA0140.3	GATA1::TAL1	complex	GATA1	9606	no	14.2001	1
2024	Homo sapiens	ENSG00000162367	TAL1	MA0091.2	TAL1::TCF3	complex	TCF3	9606	no	13.8587	2
2024	Homo sapiens	ENSG00000162419	GMEB1	MA0615.2	Gmeb1	monomer		10090	yes	7.2165	1
2024	Homo sapiens	ENSG00000162599	NFIA	MA0670.2	NFIA	monomer		9606	no	12.0000	1
2024	Homo sapiens	ENSG00000162624	LHX8	MA0705.2	Lhx8	monomer		10090	yes	8.3947	1
2024	Homo sapiens	ENSG00000162676	GFI1	MA0038.3	GFI1	monomer		9606	no	15.3334	1
2024	Homo sapiens	ENSG00000162702	ZNF281	MA1630.3	ZNF281	monomer		9606	no	16.5566	1
2024	Homo sapiens	ENSG00000162761	LMX1A	MA0702.3	LMX1A	monomer		9606	no	12.2576	1
2024	Homo sapiens	ENSG00000162772	ATF3	MA0605.3	ATF3	monomer		9606	no	17.0619	1
2024	Homo sapiens	ENSG00000162772	ATF3	MA1988.2	Atf3	monomer		10090	yes	10.4119	2
2024	Homo sapiens	ENSG00000162924	REL	MA0101.1	REL	monomer		9606	no	10.5148	1
2024	Homo sapiens	ENSG00000162992	NEUROD1	MA1109.2	NEUROD1	monomer		9606	no	11.7848	1
2024	Homo sapiens	ENSG00000163064	EN1	MA0027.3	EN1	monomer		9606	no	9.0900	1
2024	Homo sapiens	ENSG00000163132	MSX1	MA0666.3	MSX1	monomer		9606	no	10.0253	1
2024	Homo sapiens	ENSG00000163435	ELF3	MA0640.3	ELF3	monomer		9606	no	11.2989	1
2024	Homo sapiens	ENSG00000163497	FEV	MA0156.4	FEV	monomer		9606	no	14.4146	1
2024	Homo sapiens	ENSG00000163508	EOMES	MA0800.2	EOMES	monomer		9606	no	11.8776	1
2024	Homo sapiens	ENSG00000163623	NKX6-1	MA0674.2	NKX6-1	monomer		9606	no	9.1202	1
2024	Homo sapiens	ENSG00000163666	HESX1	MA0894.2	HESX1	monomer		9606	no	10.2062	1
2024	Homo sapiens	ENSG00000163848	ZNF148	MA1653.2	ZNF148	monomer		9606	no	13.3099	1
2024	Homo sapiens	ENSG00000163884	KLF15	MA1513.2	KLF15	monomer		9606	no	13.6377	1
2024	Homo sapiens	ENSG00000164093	PITX2	MA1547.2	PITX2	monomer		9606	no	12.0794	1
2024	Homo sapiens	ENSG00000164107	HAND2	MA1638.2	HAND2	monomer		9606	no	11.0627	1
2024	Homo sapiens	ENSG00000164256	PRDM9	MA1723.2	PRDM9	monomer		9606	no	15.6010	1
2024	Homo sapiens	ENSG00000164299	SPZ1	MA0111.1	Spz1	monomer		10090	yes	11.9065	1
2024	Homo sapiens	ENSG00000164330	EBF1	MA0154.5	EBF1	monomer		9606	no	12.8655	1
2024	Homo sapiens	ENSG00000164379	FOXQ1	MA0040.2	Foxq1	monomer		10116	yes	13.9954	1
2024	Homo sapiens	ENSG00000164458	T	MA0009.2	TBXT	monomer		9606	no	18.9646	1
2024	Homo sapiens	ENSG00000164532	TBX20	MA0689.1	TBX20	monomer		9606	no	13.8454	1
2024	Homo sapiens	ENSG00000164651	SP8	MA0747.2	SP8	monomer		9606	no	11.8456	1
2024	Homo sapiens	ENSG00000164683	HEY1	MA0823.1	HEY1	monomer		9606	no	12.2694	1
2024	Homo sapiens	ENSG00000164736	SOX17	MA0078.3	Sox17	monomer		10090	yes	11.3614	1
2024	Homo sapiens	ENSG00000164749	HNF4G	MA0484.3	HNF4G	monomer		9606	no	12.1838	1
2024	Homo sapiens	ENSG00000164778	EN2	MA0642.3	EN2	monomer		9606	no	9.0620	1
2024	Homo sapiens	ENSG00000164853	UNCX	MA0721.2	UNCX	monomer		9606	no	6.8145	1
2024	Homo sapiens	ENSG00000164900	GBX1	MA0889.2	GBX1	monomer		9606	no	10.4216	1
2024	Homo sapiens	ENSG00000164916	FOXK1	MA0852.3	FOXK1	monomer		9606	no	10.7284	1
2024	Homo sapiens	ENSG00000164920	OSR2	MA1646.2	OSR2	monomer		9606	no	10.1938	1
2024	Homo sapiens	ENSG00000165030	NFIL3	MA0025.3	NFIL3	monomer		9606	no	11.3226	1
2024	Homo sapiens	ENSG00000165066	NKX6-3	MA1530.2	NKX6-3	monomer		9606	no	10.4019	1
2024	Homo sapiens	ENSG00000165462	PHOX2A	MA0713.1	PHOX2A	monomer		9606	no	12.0674	1
2024	Homo sapiens	ENSG00000165495	PKNOX2	MA0783.1	PKNOX2	monomer		9606	no	21.2231	1
2024	Homo sapiens	ENSG00000165556	CDX2	MA0465.3	CDX2	monomer		9606	no	11.1158	1
2024	Homo sapiens	ENSG00000165588	OTX2	MA0712.3	OTX2	monomer		9606	no	10.3483	1
2024	Homo sapiens	ENSG00000165606	DRGX	MA1481.2	DRGX	monomer		9606	no	8.9621	1
2024	Homo sapiens	ENSG00000165606	DRGX	MA1949.2	FLI1::DRGX	complex	FLI1	9606	no	14.1377	2
2024	Homo sapiens	ENSG00000165606	DRGX	MA1940.2	ETV2::DRGX	complex	ETV2	9606	no	14.0214	3
2024	Homo sapiens	ENSG00000165606	DRGX	MA1944.2	ETV5::DRGX	complex	ETV5	9606	no	13.1661	4
2024	Homo sapiens	ENSG00000165702	GFI1B	MA0483.2	Gfi1B	monomer		10090	yes	13.3199	1
2024	Homo sapiens	ENSG00000165891	E2F7	MA0758.1	E2F7	monomer		9606	no	24.1996	1
2024	Homo sapiens	ENSG00000166211	SPIC	MA0687.2	SPIC	monomer		9606	no	13.1610	1
2024	Homo sapiens	ENSG00000166478	ZNF143	MA0088.2	ZNF143	monomer		9606	no	22.0597	1
2024	Homo sapiens	ENSG00000166529	ZSCAN21	MA2336.1	ZSCAN21	monomer		9606	no	9.5133	1
2024	Homo sapiens	ENSG00000166888	STAT6	MA0520.2	Stat6	monomer		10090	yes	13.5827	1
2024	Homo sapiens	ENSG00000166949	SMAD3	MA0795.1	SMAD3	monomer		9606	no	15.6110	1
2024	Homo sapiens	ENSG00000167034	NKX3-1	MA0124.3	Nkx3-1	monomer		10090	yes	10.8281	1
2024	Homo sapiens	ENSG00000167074	TEF	MA0843.2	TEF	monomer		9606	no	14.4024	1
2024	Homo sapiens	ENSG00000167081	PBX3	MA1114.2	PBX3	monomer		9606	no	12.9657	1
2024	Homo sapiens	ENSG00000167157	PRRX2	MA0075.4	PRRX2	monomer		9606	no	10.9806	1
2024	Homo sapiens	ENSG00000167182	SP2	MA0516.3	SP2	monomer		9606	no	13.5507	1
2024	Homo sapiens	ENSG00000167554	ZNF610	MA1713.2	ZNF610	monomer		9606	no	13.5680	1
2024	Homo sapiens	ENSG00000167555	ZNF528	MA1597.1	ZNF528	monomer		9606	no	21.8517	1
2024	Homo sapiens	ENSG00000167562	ZNF701	MA1987.2	ZNF701	monomer		9606	no	16.3297	1
2024	Homo sapiens	ENSG00000167785	ZNF558	MA2335.1	ZNF558	monomer		9606	no	32.2617	1
2024	Homo sapiens	ENSG00000168214	RBPJ	MA1116.2	RBPJ	monomer		9606	no	11.0068	1
2024	Homo sapiens	ENSG00000168267	PTF1A	MA1619.2	Ptf1A	monomer		10090	yes	11.2997	1
2024	Homo sapiens	ENSG00000168267	PTF1A	MA1620.2	Ptf1A	monomer		10090	yes	10.8447	2
2024	Homo sapiens	ENSG00000168267	PTF1A	MA1618.2	Ptf1A	monomer		10090	yes	10.8247	3
2024	Homo sapiens	ENSG00000168269	FOXI1	MA0042.2	FOXI1	monomer		9606	no	11.6175	1
2024	Homo sapiens	ENSG00000168269	FOXI1	MA1946.2	ETV5::FOXI1	complex	ETV5	9606	no	14.0059	2
2024	Homo sapiens	ENSG00000168269	FOXI1	MA1950.2	FLI1::FOXI1	complex	FLI1	9606	no	12.9559	3
2024	Homo sapiens	ENSG00000168269	FOXI1	MA1942.2	ETV2::FOXI1	complex	ETV2	9606	no	12.3053	4
2024	Homo sapiens	ENSG00000168269	FOXI1	MA1935.2	ERF::FOXI1	complex	ERF	9606	no	9.4594	5
2024	Homo sapiens	ENSG00000168286	THAP11	MA1573.2	Thap11	monomer		10090	yes	17.7203	1
2024	Homo sapiens	ENSG00000168310	IRF2	MA0051.2	IRF2	monomer		9606	no	20.6482	1
2024	Homo sapiens	ENSG00000168505	GBX2	MA0890.2	GBX2	monomer		9606	no	9.6511	1
2024	Homo sapiens	ENSG00000168610	STAT3	MA0144.3	STAT3	monomer		9606	no	12.5860	1
2024	Homo sapiens	ENSG00000168779	SHOX2	MA0720.2	Shox2	monomer		10090	yes	8.9785	1
2024	Homo sapiens	ENSG00000168875	SOX14	MA1562.2	SOX14	monomer		9606	no	12.4968	1
2024	Homo sapiens	ENSG00000169016	E2F6	MA0471.3	E2F6	monomer		9606	no	11.2774	1
2024	Homo sapiens	ENSG00000169083	AR	MA0007.4	Ar	monomer		10090	yes	18.5102	1
2024	Homo sapiens	ENSG00000169131	ZNF354A	MA1978.2	ZNF354A	monomer		9606	no	11.7141	1
2024	Homo sapiens	ENSG00000169635	HIC2	MA0738.2	HIC2	monomer		9606	no	7.9284	1
2024	Homo sapiens	ENSG00000169840	GSX1	MA0892.2	GSX1	monomer		9606	no	6.0445	1
2024	Homo sapiens	ENSG00000169856	ONECUT1	MA0679.3	ONECUT1	monomer		9606	no	13.2565	1
2024	Homo sapiens	ENSG00000169926	KLF13	MA0657.2	KLF13	monomer		9606	no	20.2745	1
2024	Homo sapiens	ENSG00000169957	ZNF768	MA1731.2	ZNF768	monomer		9606	no	12.1647	1
2024	Homo sapiens	ENSG00000169981	ZNF35	MA2333.1	ZNF35	monomer		9606	no	8.6530	1
2024	Homo sapiens	ENSG00000170166	HOXD4	MA1507.2	HOXD4	monomer		9606	no	9.5971	1
2024	Homo sapiens	ENSG00000170178	HOXD12	MA0873.2	HOXD12	monomer		9606	no	13.9432	1
2024	Homo sapiens	ENSG00000170178	HOXD12	MA1958.2	HOXD12::ELK1	complex	ELK1	9606	no	20.5728	2
2024	Homo sapiens	ENSG00000170265	ZNF282	MA1154.2	ZNF282	monomer		9606	no	20.6230	1
2024	Homo sapiens	ENSG00000170345	FOS	MA1951.2	FOS	monomer		9606	no	17.3360	1
2024	Homo sapiens	ENSG00000170345	FOS	MA0476.2	FOS	monomer		9606	no	12.9917	2
2024	Homo sapiens	ENSG00000170345	FOS	MA1141.2	FOS::JUND	complex	JUND	9606	no	13.1131	3
2024	Homo sapiens	ENSG00000170345	FOS	MA1134.2	FOS::JUNB	complex	JUNB	9606	no	12.9043	4
2024	Homo sapiens	ENSG00000170345	FOS	MA0099.4	FOS::JUN	complex	JUN	9606	no	11.6423	5
2024	Homo sapiens	ENSG00000170345	FOS	MA1126.2	FOS::JUN	complex	JUN	9606	no	9.6556	6
2024	Homo sapiens	ENSG00000170370	EMX2	MA0886.2	EMX2	monomer		9606	no	9.8686	1
2024	Homo sapiens	ENSG00000170485	NPAS2	MA0626.2	Npas2	monomer		10090	yes	11.4669	1
2024	Homo sapiens	ENSG00000170577	SIX2	MA1119.2	SIX2	monomer		9606	no	12.4222	1
2024	Homo sapiens	ENSG00000170581	STAT2	MA1623.2	Stat2	monomer		10090	yes	12.8726	1
2024	Homo sapiens	ENSG00000170581	STAT2	MA0517.2	STAT1::STAT2	complex	STAT1	9606	no	15.7625	2
2024	Homo sapiens	ENSG00000170608	FOXA3	MA1683.2	FOXA3	monomer		9606	no	9.7674	1
2024	Homo sapiens	ENSG00000170631	ZNF16	MA1654.2	ZNF16	monomer		9606	no	24.5563	1
2024	Homo sapiens	ENSG00000170653	ATF7	MA0834.2	ATF7	monomer		9606	no	16.9733	1
2024	Homo sapiens	ENSG00000170689	HOXB9	MA1503.2	HOXB9	monomer		9606	no	13.3170	1
2024	Homo sapiens	ENSG00000171056	SOX7	MA2095.1	Sox7	monomer		10090	yes	13.5428	1
2024	Homo sapiens	ENSG00000171163	ZNF692	MA1986.2	ZNF692	monomer		9606	no	12.1061	1
2024	Homo sapiens	ENSG00000171223	JUNB	MA1140.3	JUNB	monomer		9606	no	17.5408	1
2024	Homo sapiens	ENSG00000171223	JUNB	MA0490.3	JUNB	monomer		9606	no	12.5556	2
2024	Homo sapiens	ENSG00000171223	JUNB	MA1139.2	FOSL2::JUNB	complex	FOSL2	9606	no	13.3766	3
2024	Homo sapiens	ENSG00000171223	JUNB	MA1134.2	FOS::JUNB	complex	FOS	9606	no	12.9043	4
2024	Homo sapiens	ENSG00000171223	JUNB	MA1138.2	FOSL2::JUNB	complex	FOSL2	9606	no	12.8209	5
2024	Homo sapiens	ENSG00000171223	JUNB	MA1135.2	FOSB::JUNB	complex	FOSB	9606	no	12.5541	6
2024	Homo sapiens	ENSG00000171223	JUNB	MA1136.1	FOSB::JUNB	complex	FOSB	9606	no	11.1557	7
2024	Homo sapiens	ENSG00000171223	JUNB	MA1133.2	JUN::JUNB	complex	JUN	9606	no	10.9953	8
2024	Homo sapiens	ENSG00000171223	JUNB	MA1132.2	JUN::JUNB	complex	JUN	9606	no	9.3071	9
2024	Homo sapiens	ENSG00000171223	JUNB	MA1137.2	FOSL1::JUNB	complex	FOSL1	9606	no	9.0305	10
2024	Homo sapiens	ENSG00000171443	ZNF524	MA2096.1	ZNF524	monomer		9606	no	12.1401	1
2024	Homo sapiens	ENSG00000171448	ZBTB26	MA1579.2	ZBTB26	monomer		9606	no	11.3999	1
2024	Homo sapiens	ENSG00000171532	NEUROD2	MA0668.3	Neurod2	monomer		10090	yes	11.8165	1
2024	Homo sapiens	ENSG00000171532	NEUROD2	MA1993.2	Neurod2	monomer		10090	yes	11.6951	2
2024	Homo sapiens	ENSG00000171606	ZNF274	MA1592.2	ZNF274	monomer		9606	no	16.5435	1
2024	Homo sapiens	ENSG00000171786	NHLH1	MA0048.3	NHLH1	monomer		9606	no	12.9067	1
2024	Homo sapiens	ENSG00000171786	NHLH1	MA1938.2	ERF::NHLH1	complex	ERF	9606	no	20.5690	2
2024	Homo sapiens	ENSG00000171872	KLF17	MA1514.2	KLF17	monomer		9606	no	16.3870	1
2024	Homo sapiens	ENSG00000171956	FOXB1	MA0845.1	FOXB1	monomer		9606	no	12.2411	1
2024	Homo sapiens	ENSG00000172059	KLF11	MA1512.2	KLF11	monomer		9606	no	13.1316	1
2024	Homo sapiens	ENSG00000172216	CEBPB	MA0466.4	CEBPB	monomer		9606	no	16.1164	1
2024	Homo sapiens	ENSG00000172238	ATOH1	MA1467.3	Atoh1	monomer		10090	yes	10.9623	1
2024	Homo sapiens	ENSG00000172238	ATOH1	MA0461.3	Atoh1	monomer		10090	yes	10.8092	2
2024	Homo sapiens	ENSG00000172273	HINFP	MA0131.3	HINFP	monomer		9606	no	12.1070	1
2024	Homo sapiens	ENSG00000172379	ARNT2	MA1464.2	ARNT2	monomer		9606	no	12.1935	1
2024	Homo sapiens	ENSG00000172466	ZNF24	MA1124.1	ZNF24	monomer		9606	no	17.3952	1
2024	Homo sapiens	ENSG00000172818	OVOL1	MA1544.2	OVOL1	monomer		9606	no	14.5360	1
2024	Homo sapiens	ENSG00000172819	RARG	MA1553.2	RARG	monomer		9606	no	15.6724	1
2024	Homo sapiens	ENSG00000172819	RARG	MA0860.1	Rarg	monomer		10090	yes	25.5202	2
2024	Homo sapiens	ENSG00000172819	RARG	MA0859.2	Rarg	monomer		10090	yes	24.5306	3
2024	Homo sapiens	ENSG00000172845	SP3	MA0746.3	SP3	monomer		9606	no	14.6677	1
2024	Homo sapiens	ENSG00000173039	RELA	MA0107.1	RELA	monomer		9606	no	14.7568	1
2024	Homo sapiens	ENSG00000173041	ZNF680	MA1729.2	ZNF680	monomer		9606	no	15.3683	1
2024	Homo sapiens	ENSG00000173068	BNC2	MA1928.2	BNC2	monomer		9606	no	10.4070	1
2024	Homo sapiens	ENSG00000173153	ESRRA	MA0592.4	ESRRA	monomer		9606	no	12.8761	1
2024	Homo sapiens	ENSG00000173275	ZNF449	MA1656.2	ZNF449	monomer		9606	no	13.1307	1
2024	Homo sapiens	ENSG00000173404	INSM1	MA0155.1	INSM1	monomer		9606	no	14.8617	1
2024	Homo sapiens	ENSG00000173480	ZNF417	MA1727.2	ZNF417	monomer		9606	no	13.0023	1
2024	Homo sapiens	ENSG00000173757	STAT5B	MA1625.2	Stat5b	monomer		10090	yes	12.9858	1
2024	Homo sapiens	ENSG00000173757	STAT5B	MA0519.2	Stat5a::Stat5b	complex	STAT5A	10090	yes	13.0526	2
2024	Homo sapiens	ENSG00000173917	HOXB2	MA0902.3	HOXB2	monomer		9606	no	9.1841	1
2024	Homo sapiens	ENSG00000173917	HOXB2	MA1957.1	HOXB2::ELK1	complex	ELK1	9606	no	17.1925	2
2024	Homo sapiens	ENSG00000173976	RAX2	MA0717.2	RAX2	monomer		9606	no	6.9082	1
2024	Homo sapiens	ENSG00000174197	MGA	MA0801.1	MGA	monomer		9606	no	10.8316	1
2024	Homo sapiens	ENSG00000174197	MGA	MA1960.2	MGA::EVX1	complex	EVX1	9606	no	13.8438	2
2024	Homo sapiens	ENSG00000174279	EVX2	MA0888.2	EVX2	monomer		9606	no	7.4780	1
2024	Homo sapiens	ENSG00000174332	GLIS1	MA0735.2	GLIS1	monomer		9606	no	25.1619	1
2024	Homo sapiens	ENSG00000174576	NPAS4	MA1995.2	Npas4	monomer		10090	yes	8.9607	1
2024	Homo sapiens	ENSG00000174738	NR1D2	MA1532.2	NR1D2	monomer		9606	no	21.1014	1
2024	Homo sapiens	ENSG00000174963	ZIC4	MA0751.2	ZIC4	monomer		9606	no	13.4860	1
2024	Homo sapiens	ENSG00000175197	DDIT3	MA0019.2	Ddit3::Cebpa	complex	CEBPA	10116	yes	11.5010	1
2024	Homo sapiens	ENSG00000175325	PROP1	MA0715.1	PROP1	monomer		9606	no	15.1217	1
2024	Homo sapiens	ENSG00000175329	ISX	MA0654.2	ISX	monomer		9606	no	10.3367	1
2024	Homo sapiens	ENSG00000175592	FOSL1	MA0477.3	FOSL1	monomer		9606	no	12.5000	1
2024	Homo sapiens	ENSG00000175592	FOSL1	MA1128.2	FOSL1::JUN	complex	JUN	9606	no	12.0901	2
2024	Homo sapiens	ENSG00000175592	FOSL1	MA1129.1	FOSL1::JUN	complex	JUN	9606	no	10.2599	3
2024	Homo sapiens	ENSG00000175592	FOSL1	MA1137.2	FOSL1::JUNB	complex	JUNB	9606	no	9.0305	4
2024	Homo sapiens	ENSG00000175592	FOSL1	MA1142.2	FOSL1::JUND	complex	JUND	9606	no	7.2845	5
2024	Homo sapiens	ENSG00000175592	FOSL1	MA1143.2	FOSL1::JUND	complex	JUND	9606	no	7.1295	6
2024	Homo sapiens	ENSG00000175727	MLXIP	MA0622.2	Mlxip	monomer		10090	yes	12.0000	1
2024	Homo sapiens	ENSG00000175745	NR2F1	MA1537.2	NR2F1	monomer		9606	no	20.0874	1
2024	Homo sapiens	ENSG00000175745	NR2F1	MA1538.1	NR2F1	monomer		9606	no	18.3893	2
2024	Homo sapiens	ENSG00000175745	NR2F1	MA0017.3	NR2F1	monomer		9606	no	13.1467	3
2024	Homo sapiens	ENSG00000175832	ETV4	MA0764.4	ETV4	monomer		9606	no	11.5055	1
2024	Homo sapiens	ENSG00000175879	HOXD8	MA0910.3	HOXD8	monomer		9606	no	9.6841	1
2024	Homo sapiens	ENSG00000176165	FOXG1	MA0613.1	FOXG1	monomer		9606	no	13.3409	1
2024	Homo sapiens	ENSG00000176293	ZNF135	MA1587.1	ZNF135	monomer		9606	no	17.9389	1
2024	Homo sapiens	ENSG00000176399	DMRTA1	MA1707.2	DMRTA1	monomer		9606	no	10.5030	1
2024	Homo sapiens	ENSG00000176678	FOXL1	MA0033.2	FOXL1	monomer		9606	no	10.6259	1
2024	Homo sapiens	ENSG00000176679	TGIF2LY	MA1572.1	TGIF2LY	monomer		9606	no	12.6001	1
2024	Homo sapiens	ENSG00000176692	FOXC2	MA0846.2	FOXC2	monomer		9606	no	11.3606	1
2024	Homo sapiens	ENSG00000176887	SOX11	MA0869.3	Sox11	monomer		10090	yes	11.4668	1
2024	Homo sapiens	ENSG00000177374	HIC1	MA0739.2	Hic1	monomer		10090	yes	9.3793	1
2024	Homo sapiens	ENSG00000177426	TGIF1	MA0796.1	TGIF1	monomer		9606	no	22.2812	1
2024	Homo sapiens	ENSG00000177463	NR2C2	MA0504.2	NR2C2	monomer		9606	no	16.1645	1
2024	Homo sapiens	ENSG00000177463	NR2C2	MA1536.2	NR2C2	monomer		9606	no	7.4028	2
2024	Homo sapiens	ENSG00000177468	OLIG3	MA0827.1	OLIG3	monomer		9606	no	11.4416	1
2024	Homo sapiens	ENSG00000177485	ZBTB33	MA0527.2	ZBTB33	monomer		9606	no	13.1188	1
2024	Homo sapiens	ENSG00000177494	ZBED2	MA1971.2	ZBED2	monomer		9606	no	10.4039	1
2024	Homo sapiens	ENSG00000177551	NHLH2	MA1529.2	NHLH2	monomer		9606	no	17.9689	1
2024	Homo sapiens	ENSG00000177606	JUN	MA0488.2	JUN	monomer		9606	no	14.7132	1
2024	Homo sapiens	ENSG00000177606	JUN	MA0489.3	Jun	monomer		10090	yes	11.3107	2
2024	Homo sapiens	ENSG00000177606	JUN	MA1131.2	FOSL2::JUN	complex	FOSL2	9606	no	12.9647	3
2024	Homo sapiens	ENSG00000177606	JUN	MA1127.1	FOSB::JUN	complex	FOSB	9606	no	12.8374	4
2024	Homo sapiens	ENSG00000177606	JUN	MA1128.2	FOSL1::JUN	complex	FOSL1	9606	no	12.0901	5
2024	Homo sapiens	ENSG00000177606	JUN	MA1130.2	FOSL2::JUN	complex	FOSL2	9606	no	12.0328	6
2024	Homo sapiens	ENSG00000177606	JUN	MA0099.4	FOS::JUN	complex	FOS	9606	no	11.6423	7
2024	Homo sapiens	ENSG00000177606	JUN	MA1133.2	JUN::JUNB	complex	JUNB	9606	no	10.9953	8
2024	Homo sapiens	ENSG00000177606	JUN	MA0462.3	BATF::JUN	complex	BATF	9606	no	10.6794	9
2024	Homo sapiens	ENSG00000177606	JUN	MA1129.1	FOSL1::JUN	complex	FOSL1	9606	no	10.2599	10
2024	Homo sapiens	ENSG00000177606	JUN	MA1126.2	FOS::JUN	complex	FOS	9606	no	9.6556	11
2024	Homo sapiens	ENSG00000177606	JUN	MA1132.2	JUN::JUNB	complex	JUNB	9606	no	9.3071	12
2024	Homo sapiens	ENSG00000177732	SOX12	MA1561.2	SOX12	monomer		9606	no	13.2725	1
2024	Homo sapiens	ENSG00000177932	ZNF354C	MA0130.1	ZNF354C	monomer		9606	no	8.9580	1
2024	Homo sapiens	ENSG00000178187	ZNF454	MA1712.2	ZNF454	monomer		9606	no	14.9437	1
2024	Homo sapiens	ENSG00000178403	NEUROG2	MA0669.1	NEUROG2	monomer		9606	no	14.5016	1
2024	Homo sapiens	ENSG00000178403	NEUROG2	MA1642.2	NEUROG2	monomer		9606	no	10.7802	2
2024	Homo sapiens	ENSG00000178573	MAF	MA1520.2	MAF	monomer		9606	no	12.4894	1
2024	Homo sapiens	ENSG00000178573	MAF	MA0501.2	MAF::NFE2	complex	NFE2	9606	no	16.7098	2
2024	Homo sapiens	ENSG00000178860	MSC	MA0665.1	MSC	monomer		9606	no	14.8560	1
2024	Homo sapiens	ENSG00000178919	FOXE1	MA1487.3	FOXE1	monomer		9606	no	14.7579	1
2024	Homo sapiens	ENSG00000178951	ZBTB7A	MA0750.3	ZBTB7A	monomer		9606	no	11.1398	1
2024	Homo sapiens	ENSG00000179059	ZFP42	MA1651.2	ZFP42	monomer		9606	no	15.2821	1
2024	Homo sapiens	ENSG00000179111	HES7	MA0822.1	HES7	monomer		9606	no	19.7839	1
2024	Homo sapiens	ENSG00000179348	GATA2	MA0036.4	GATA2	monomer		9606	no	10.6350	1
2024	Homo sapiens	ENSG00000179361	ARID3B	MA0601.2	Arid3b	monomer		10090	yes	9.6327	1
2024	Homo sapiens	ENSG00000179388	EGR3	MA0732.2	EGR3	monomer		9606	no	17.6940	1
2024	Homo sapiens	ENSG00000179456	ZBTB18	MA0698.2	ZBTB18	monomer		9606	no	15.3336	1
2024	Homo sapiens	ENSG00000179528	LBX2	MA0699.2	LBX2	monomer		9606	no	6.9852	1
2024	Homo sapiens	ENSG00000179772	FOXS1	MA2118.1	FOXS1	monomer		9606	no	10.7663	1
2024	Homo sapiens	ENSG00000179774	ATOH7	MA1468.1	ATOH7	monomer		9606	no	10.8331	1
2024	Homo sapiens	ENSG00000179922	ZNF784	MA1717.2	ZNF784	monomer		9606	no	11.8072	1
2024	Homo sapiens	ENSG00000180257	ZNF816	MA1719.2	ZNF816	monomer		9606	no	16.0530	1
2024	Homo sapiens	ENSG00000180318	ALX1	MA0854.2	Alx1	monomer		10090	yes	11.9365	1
2024	Homo sapiens	ENSG00000180532	ZSCAN4	MA1155.1	ZSCAN4	monomer		9606	no	21.1424	1
2024	Homo sapiens	ENSG00000180535	BHLHA15	MA0607.2	BHLHA15	monomer		9606	no	13.7323	1
2024	Homo sapiens	ENSG00000180535	BHLHA15	MA1472.3	Bhlha15	monomer		10090	yes	11.7461	2
2024	Homo sapiens	ENSG00000180613	GSX2	MA0893.3	GSX2	monomer		9606	no	8.4895	1
2024	Homo sapiens	ENSG00000180806	HOXC9	MA0485.3	HOXC9	monomer		9606	no	14.1714	1
2024	Homo sapiens	ENSG00000180818	HOXC10	MA0905.2	HOXC10	monomer		9606	no	10.9807	1
2024	Homo sapiens	ENSG00000180828	BHLHE22	MA0818.2	BHLHE22	monomer		9606	no	13.4003	1
2024	Homo sapiens	ENSG00000180828	BHLHE22	MA1635.2	BHLHE22	monomer		9606	no	11.7904	2
2024	Homo sapiens	ENSG00000181135	ZNF707	MA1715.1	ZNF707	monomer		9606	no	20.5444	1
2024	Homo sapiens	ENSG00000181449	SOX2	MA0143.5	SOX2	monomer		9606	no	9.8142	1
2024	Homo sapiens	ENSG00000181449	SOX2	MA1962.1	POU2F1::SOX2	complex	POU2F1	9606	no	19.9747	2
2024	Homo sapiens	ENSG00000181449	SOX2	MA0142.1	Pou5f1::Sox2	complex	POU5F1	10090	yes	14.8078	3
2024	Homo sapiens	ENSG00000181472	ZBTB2	MA2340.1	Zbtb2	monomer		10090	yes	10.7966	1
2024	Homo sapiens	ENSG00000181690	PLAG1	MA0163.1	PLAG1	monomer		9606	no	19.3519	1
2024	Homo sapiens	ENSG00000181827	RFX7	MA1554.2	RFX7	monomer		9606	no	9.1088	1
2024	Homo sapiens	ENSG00000181965	NEUROG1	MA0623.2	NEUROG1	monomer		9606	no	13.7797	1
2024	Homo sapiens	ENSG00000182141	ZNF708	MA1730.2	ZNF708	monomer		9606	no	14.0046	1
2024	Homo sapiens	ENSG00000182158	CREB3L2	MA0608.1	Creb3l2	monomer		10090	yes	12.9971	1
2024	Homo sapiens	ENSG00000182568	SATB1	MA1963.2	SATB1	monomer		9606	no	11.9135	1
2024	Homo sapiens	ENSG00000182742	HOXB4	MA1499.2	HOXB4	monomer		9606	no	9.9040	1
2024	Homo sapiens	ENSG00000182759	MAFA	MA1521.2	MAFA	monomer		9606	no	12.2065	1
2024	Homo sapiens	ENSG00000182968	SOX1	MA0870.1	Sox1	monomer		10090	yes	20.9272	1
2024	Homo sapiens	ENSG00000182986	ZNF320	MA1976.2	ZNF320	monomer		9606	no	18.1467	1
2024	Homo sapiens	ENSG00000183072	NKX2-5	MA0063.3	NKX2-5	monomer		9606	no	10.2058	1
2024	Homo sapiens	ENSG00000183647	ZNF530	MA1981.2	ZNF530	monomer		9606	no	16.6109	1
2024	Homo sapiens	ENSG00000183733	FIGLA	MA0820.2	FIGLA	monomer		9606	no	9.4871	1
2024	Homo sapiens	ENSG00000183733	FIGLA	MA1934.2	ERF::FIGLA	complex	ERF	9606	no	17.9866	2
2024	Homo sapiens	ENSG00000183733	FIGLA	MA1945.2	ETV5::FIGLA	complex	ETV5	9606	no	17.3754	3
2024	Homo sapiens	ENSG00000183733	FIGLA	MA1941.2	ETV2::FIGLA	complex	ETV2	9606	no	15.3363	4
2024	Homo sapiens	ENSG00000183734	ASCL2	MA0816.1	Ascl2	monomer		10090	yes	12.8496	1
2024	Homo sapiens	ENSG00000183770	FOXL2	MA1607.2	Foxl2	monomer		10090	yes	11.4636	1
2024	Homo sapiens	ENSG00000184058	TBX1	MA0805.1	TBX1	monomer		9606	no	12.8233	1
2024	Homo sapiens	ENSG00000184221	OLIG1	MA0826.1	OLIG1	monomer		9606	no	14.6629	1
2024	Homo sapiens	ENSG00000184271	POU6F1	MA1549.2	POU6F1	monomer		9606	no	10.4549	1
2024	Homo sapiens	ENSG00000184271	POU6F1	MA0628.2	POU6F1	monomer		9606	no	9.3278	2
2024	Homo sapiens	ENSG00000184481	FOXO4	MA0848.1	FOXO4	monomer		9606	no	10.6603	1
2024	Homo sapiens	ENSG00000184486	POU3F2	MA0787.1	POU3F2	monomer		9606	no	13.7732	1
2024	Homo sapiens	ENSG00000184635	ZNF93	MA1721.2	ZNF93	monomer		9606	no	15.5174	1
2024	Homo sapiens	ENSG00000184828	ZBTB7C	MA0695.2	ZBTB7C	monomer		9606	no	9.7205	1
2024	Homo sapiens	ENSG00000184895	SRY	MA0084.2	SRY	monomer		9606	no	8.9042	1
2024	Homo sapiens	ENSG00000184937	WT1	MA1627.2	Wt1	monomer		10090	yes	13.0218	1
2024	Homo sapiens	ENSG00000185002	RFX6	MA1724.2	Rfx6	monomer		10090	yes	11.6207	1
2024	Homo sapiens	ENSG00000185022	MAFF	MA0495.4	MAFF	monomer		9606	no	12.7698	1
2024	Homo sapiens	ENSG00000185122	HSF1	MA0486.2	HSF1	monomer		9606	no	18.7382	1
2024	Homo sapiens	ENSG00000185155	MIXL1	MA0662.2	MIXL1	monomer		9606	no	6.9697	1
2024	Homo sapiens	ENSG00000185507	IRF7	MA0772.2	IRF7	monomer		9606	no	17.4281	1
2024	Homo sapiens	ENSG00000185551	NR2F2	MA1111.2	NR2F2	monomer		9606	no	10.9497	1
2024	Homo sapiens	ENSG00000185591	SP1	MA0079.5	SP1	monomer		9606	no	14.3036	1
2024	Homo sapiens	ENSG00000185630	PBX1	MA0070.2	PBX1	monomer		9606	no	14.0933	1
2024	Homo sapiens	ENSG00000185668	POU3F1	MA0786.2	POU3F1	monomer		9606	no	11.5757	1
2024	Homo sapiens	ENSG00000185669	SNAI3	MA1559.2	SNAI3	monomer		9606	no	13.2083	1
2024	Homo sapiens	ENSG00000185697	MYBL1	MA0776.1	MYBL1	monomer		9606	no	15.2810	1
2024	Homo sapiens	ENSG00000185811	IKZF1	MA1508.2	IKZF1	monomer		9606	no	10.9323	1
2024	Homo sapiens	ENSG00000185960	SHOX	MA0630.2	SHOX	monomer		9606	no	7.2764	1
2024	Homo sapiens	ENSG00000186103	ARGFX	MA1463.2	ARGFX	monomer		9606	no	11.7981	1
2024	Homo sapiens	ENSG00000186130	ZBTB6	MA1581.2	ZBTB6	monomer		9606	no	11.9133	1
2024	Homo sapiens	ENSG00000186350	RXRA	MA0512.2	Rxra	monomer		10090	yes	22.6482	1
2024	Homo sapiens	ENSG00000186350	RXRA	MA0115.1	NR1H2::RXRA	complex	NR1H2	9606	no	27.8780	2
2024	Homo sapiens	ENSG00000186350	RXRA	MA0074.1	RXRA::VDR	complex	VDR	9606	no	20.4512	3
2024	Homo sapiens	ENSG00000186350	RXRA	MA0159.1	RARA::RXRA	complex	RARA	9606	no	16.0043	4
2024	Homo sapiens	ENSG00000186350	RXRA	MA1147.2	NR4A2::RXRA	complex	NR4A2	9606	no	14.0183	5
2024	Homo sapiens	ENSG00000186350	RXRA	MA1146.2	NR1H4::RXRA	complex	NR1H4	9606	no	12.5498	6
2024	Homo sapiens	ENSG00000186350	RXRA	MA1148.2	PPARA::RXRA	complex	PPARA	9606	no	12.4144	7
2024	Homo sapiens	ENSG00000186350	RXRA	MA0494.2	Nr1h3::Rxra	complex	NR1H3	10090	yes	13.3131	8
2024	Homo sapiens	ENSG00000186350	RXRA	MA0065.3	Pparg::Rxra	complex	PPARG	10090	yes	11.1903	9
2024	Homo sapiens	ENSG00000186376	ZNF75D	MA1601.2	ZNF75D	monomer		9606	no	16.0473	1
2024	Homo sapiens	ENSG00000186564	FOXD2	MA0847.4	FOXD2	monomer		9606	no	14.0505	1
2024	Homo sapiens	ENSG00000186951	PPARA	MA2338.1	Ppara	monomer		10090	yes	10.2279	1
2024	Homo sapiens	ENSG00000186951	PPARA	MA1148.2	PPARA::RXRA	complex	RXRA	9606	no	12.4144	2
2024	Homo sapiens	ENSG00000187079	TEAD1	MA0090.4	TEAD1	monomer		9606	no	12.4173	1
2024	Homo sapiens	ENSG00000187098	MITF	MA0620.4	MITF	monomer		9606	no	12.7239	1
2024	Homo sapiens	ENSG00000187140	FOXD3	MA0041.3	FOXD3	monomer		9606	no	11.7812	1
2024	Homo sapiens	ENSG00000188295	ZNF669	MA1985.1	ZNF669	monomer		9606	no	15.8634	1
2024	Homo sapiens	ENSG00000188620	HMX3	MA0898.2	Hmx3	monomer		10090	yes	11.9976	1
2024	Homo sapiens	ENSG00000188786	MTF1	MA0863.1	MTF1	monomer		9606	no	20.4069	1
2024	Homo sapiens	ENSG00000188816	HMX2	MA0897.2	Hmx2	monomer		10090	yes	13.9722	1
2024	Homo sapiens	ENSG00000188909	BSX	MA0876.2	BSX	monomer		9606	no	8.2992	1
2024	Homo sapiens	ENSG00000189298	ZKSCAN3	MA1973.2	ZKSCAN3	monomer		9606	no	17.2429	1
2024	Homo sapiens	ENSG00000189308	LIN54	MA0619.2	LIN54	monomer		9031	yes	11.0787	1
2024	Homo sapiens	ENSG00000196092	PAX5	MA0014.4	PAX5	monomer		9606	no	10.6089	1
2024	Homo sapiens	ENSG00000196214	ZNF766	MA2098.1	ZNF766	monomer		9606	no	12.9419	1
2024	Homo sapiens	ENSG00000196387	ZNF140	MA1589.2	ZNF140	monomer		9606	no	22.4536	1
2024	Homo sapiens	ENSG00000196482	ESRRG	MA0643.2	Esrrg	monomer		10090	yes	12.9508	1
2024	Homo sapiens	ENSG00000196628	TCF4	MA0830.3	TCF4	monomer		9606	no	10.6032	1
2024	Homo sapiens	ENSG00000196646	ZNF136	MA1588.1	ZNF136	monomer		9606	no	17.8966	1
2024	Homo sapiens	ENSG00000196652	ZKSCAN5	MA1652.2	ZKSCAN5	monomer		9606	no	13.0333	1
2024	Homo sapiens	ENSG00000196724	ZNF418	MA1980.1	ZNF418	monomer		9606	no	17.6215	1
2024	Homo sapiens	ENSG00000196767	POU3F4	MA0789.1	POU3F4	monomer		9606	no	13.3776	1
2024	Homo sapiens	ENSG00000196812	ZSCAN16	MA2100.1	ZSCAN16	monomer		9606	no	31.0115	1
2024	Homo sapiens	ENSG00000196843	ARID5A	MA0602.2	Arid5a	monomer		10090	yes	9.6188	1
2024	Homo sapiens	ENSG00000197063	MAFG	MA0659.4	Mafg	monomer		10090	yes	14.5614	1
2024	Homo sapiens	ENSG00000197063	MAFG	MA0089.3	MAFG::NFE2L1	complex	NFE2L1	9606	no	17.1414	2
2024	Homo sapiens	ENSG00000197124	ZNF682	MA1599.2	ZNF682	monomer		9606	no	14.4585	1
2024	Homo sapiens	ENSG00000197134	ZNF257	MA1710.2	ZNF257	monomer		9606	no	13.3729	1
2024	Homo sapiens	ENSG00000197372	ZNF675	MA1714.2	ZNF675	monomer		9606	no	16.8666	1
2024	Homo sapiens	ENSG00000197576	HOXA4	MA1496.2	HOXA4	monomer		9606	no	8.0543	1
2024	Homo sapiens	ENSG00000197587	DMBX1	MA0883.2	Dmbx1	monomer		10090	yes	11.8651	1
2024	Homo sapiens	ENSG00000197714	ZNF460	MA1596.1	ZNF460	monomer		9606	no	20.3652	1
2024	Homo sapiens	ENSG00000197905	TEAD4	MA0809.3	TEAD4	monomer		9606	no	11.3142	1
2024	Homo sapiens	ENSG00000197921	HES5	MA0821.2	HES5	monomer		9606	no	10.3911	1
2024	Homo sapiens	ENSG00000197928	ZNF677	MA2101.1	ZNF677	monomer		9606	no	13.7676	1
2024	Homo sapiens	ENSG00000198046	ZNF667	MA1984.2	ZNF667	monomer		9606	no	12.3290	1
2024	Homo sapiens	ENSG00000198081	ZBTB14	MA1650.2	ZBTB14	monomer		9606	no	11.2175	1
2024	Homo sapiens	ENSG00000198146	ZNF770	MA2099.1	ZNF770	monomer		9606	no	11.5550	1
2024	Homo sapiens	ENSG00000198176	TFDP1	MA1122.2	TFDP1	monomer		9606	no	10.9400	1
2024	Homo sapiens	ENSG00000198353	HOXC4	MA1504.2	HOXC4	monomer		9606	no	9.3295	1
2024	Homo sapiens	ENSG00000198517	MAFK	MA0496.4	MAFK	monomer		9606	no	12.2090	1
2024	Homo sapiens	ENSG00000198517	MAFK	MA0591.2	Bach1::Mafk	complex	BACH1	10090	yes	17.8319	2
2024	Homo sapiens	ENSG00000198740	ZNF652	MA1657.2	ZNF652	monomer		9606	no	12.4179	1
2024	Homo sapiens	ENSG00000198807	PAX9	MA0781.2	PAX9	monomer		9606	no	22.1067	1
2024	Homo sapiens	ENSG00000198815	FOXJ3	MA0851.2	Foxj3	monomer		10090	yes	12.5835	1
2024	Homo sapiens	ENSG00000198911	SREBF2	MA0828.3	SREBF2	monomer		9606	no	17.1122	1
2024	Homo sapiens	ENSG00000198911	SREBF2	MA0596.1	SREBF2	monomer		9606	no	13.5542	2
2024	Homo sapiens	ENSG00000198911	SREBF2	MA1939.2	ERF::SREBF2	complex	ERF	9606	no	20.7968	3
2024	Homo sapiens	ENSG00000198911	SREBF2	MA1933.2	ELK1::SREBF2	complex	ELK1	9606	no	18.3050	4
2024	Homo sapiens	ENSG00000198914	POU3F3	MA0788.1	POU3F3	monomer		9606	no	13.4990	1
2024	Homo sapiens	ENSG00000198963	RORB	MA1150.2	RORB	monomer		9606	no	9.3196	1
2024	Homo sapiens	ENSG00000203883	SOX18	MA1563.2	SOX18	monomer		9606	no	10.0403	1
2024	Homo sapiens	ENSG00000204060	FOXO6	MA0849.1	FOXO6	monomer		9606	no	11.9917	1
2024	Homo sapiens	ENSG00000204103	MAFB	MA0117.3	Mafb	monomer		10090	yes	11.1472	1
2024	Homo sapiens	ENSG00000204231	RXRB	MA0855.1	RXRB	monomer		9606	no	23.1100	1
2024	Homo sapiens	ENSG00000204231	RXRB	MA1555.1	RXRB	monomer		9606	no	16.3172	2
2024	Homo sapiens	ENSG00000204304	PBX2	MA1113.3	PBX2	monomer		9606	no	11.7103	1
2024	Homo sapiens	ENSG00000204335	SP5	MA1965.2	SP5	monomer		9606	no	11.6000	1
2024	Homo sapiens	ENSG00000204366	ZBTB12	MA1649.2	ZBTB12	monomer		9606	no	10.0214	1
2024	Homo sapiens	ENSG00000204531	POU5F1	MA1115.2	POU5F1	monomer		9606	no	9.8130	1
2024	Homo sapiens	ENSG00000204531	POU5F1	MA0142.1	Pou5f1::Sox2	complex	SOX2	10090	yes	14.8078	2
2024	Homo sapiens	ENSG00000204595	DPRX	MA1480.2	DPRX	monomer		9606	no	10.3948	1
2024	Homo sapiens	ENSG00000204644	ZFP57	MA1583.2	ZFP57	monomer		9606	no	11.2850	1
2024	Homo sapiens	ENSG00000205250	E2F4	MA0470.3	E2F4	monomer		9606	no	14.5458	1
2024	Homo sapiens	ENSG00000205922	ONECUT3	MA0757.2	ONECUT3	monomer		9606	no	16.7257	1
2024	Homo sapiens	ENSG00000205927	OLIG2	MA0678.1	OLIG2	monomer		9606	no	12.9534	1
2024	Homo sapiens	ENSG00000205927	OLIG2	MA1997.2	Olig2	monomer		10090	yes	11.5447	2
2024	Homo sapiens	ENSG00000212993	POU5F1B	MA0792.1	POU5F1B	monomer		9606	no	10.5581	1
2024	Homo sapiens	ENSG00000213928	IRF9	MA0653.1	IRF9	monomer		9606	no	24.8343	1
2024	Homo sapiens	ENSG00000213999	MEF2B	MA0660.1	MEF2B	monomer		9606	no	18.3721	1
2024	Homo sapiens	ENSG00000214513	NOTO	MA0710.2	NOTO	monomer		9606	no	9.3891	1
2024	Homo sapiens	ENSG00000214717	ZBED1	MA0749.2	ZBED1	monomer		9606	no	18.7897	1
2024	Homo sapiens	ENSG00000215397	SCRT2	MA0744.3	SCRT2	monomer		9606	no	12.6421	1
2024	Homo sapiens	ENSG00000215612	HMX1	MA0896.2	Hmx1	monomer		10090	yes	12.4669	1
2024	Homo sapiens	ENSG00000217236	SP9	MA1564.2	SP9	monomer		9606	no	11.2688	1
2024	Homo sapiens	ENSG00000221818	EBF2	MA1604.2	Ebf2	monomer		10090	yes	12.2542	1
2024	Homo sapiens	ENSG00000221869	CEBPD	MA0836.3	CEBPD	monomer		9606	no	11.4977	1
2024	Homo sapiens	ENSG00000230797	YY2	MA0748.3	YY2	monomer		9606	no	10.3821	1
2024	Homo sapiens	ENSG00000233608	TWIST2	MA0633.3	Twist2	monomer		10090	yes	11.6605	1
2024	Homo sapiens	ENSG00000235109	ZSCAN31	MA1722.2	ZSCAN31	monomer		9606	no	24.7074	1
2024	Homo sapiens	ENSG00000244405	ETV5	MA0765.4	ETV5	monomer		9606	no	14.1499	1
2024	Homo sapiens	ENSG00000244405	ETV5	MA1945.2	ETV5::FIGLA	complex	FIGLA	9606	no	17.3754	2
2024	Homo sapiens	ENSG00000244405	ETV5	MA1948.2	ETV5::HOXA2	complex	HOXA2	9606	no	14.0612	3
2024	Homo sapiens	ENSG00000244405	ETV5	MA1946.2	ETV5::FOXI1	complex	FOXI1	9606	no	14.0059	4
2024	Homo sapiens	ENSG00000244405	ETV5	MA1944.2	ETV5::DRGX	complex	DRGX	9606	no	13.1661	5
2024	Homo sapiens	ENSG00000244405	ETV5	MA1947.2	ETV5::FOXO1	complex	FOXO1	9606	no	11.5699	6
2024	Homo sapiens	ENSG00000245848	CEBPA	MA0102.5	CEBPA	monomer		9606	no	12.1461	1
2024	Homo sapiens	ENSG00000245848	CEBPA	MA0019.2	Ddit3::Cebpa	complex	DDIT3	10116	yes	11.5010	2
2024	Homo sapiens	ENSG00000251493	FOXD1	MA0031.2	FOXD1	monomer		9606	no	11.7280	1
2024	Homo sapiens	ENSG00000253293	HOXA10	MA0899.2	HOXA10	monomer		9606	no	9.0136	1
2024	Homo sapiens	ENSG00000257923	CUX1	MA0754.3	CUX1	monomer		9606	no	12.2765	1
2024	Homo sapiens	ENSG00000258873	DUXA	MA0884.2	DUXA	monomer		9606	no	15.3640	1
2024	Homo sapiens	ENSG00000260027	HOXB7	MA1501.2	HOXB7	monomer		9606	no	10.1921	1
2024	Homo sapiens	ENSG00000260596	DUX4	MA0468.1	DUX4	monomer		9606	no	15.0115	1
2024	Homo sapiens	ENSG00000261678	SCRT1	MA0743.3	SCRT1	monomer		9606	no	13.2081	1
2024	Homo sapiens	ENSG00000266265	KLF14	MA0740.2	KLF14	monomer		9606	no	13.4831	1
2024	Homo sapiens	ENSG00000269404	SPIB	MA0081.3	SPIB	monomer		9606	no	14.2826	1
2024	Homo sapiens	ENSG00000273706	LHX1	MA1518.3	Lhx1	monomer		10090	yes	10.6742	1
2024	Homo sapiens	ENSG00000275410	HNF1B	MA0153.2	HNF1B	monomer		9606	no	16.2419	1
2024	Homo sapiens	ENSG00000278129	ZNF8	MA1718.1	ZNF8	monomer		9606	no	25.1585	1
2024	Homo sapiens	ENSG00000278570	NR2E3	MA0164.2	Nr2e3	monomer		10090	yes	11.7420	1
